name,year,population,enslaved_pop,free_pop,apportioned_pop
Alabama,1790,NA,NA,NA,NA
Alaska,1790,NA,NA,NA,NA
Arizona,1790,NA,NA,NA,NA
Arkansas,1790,NA,NA,NA,NA
California,1790,NA,NA,NA,NA
Colorado,1790,NA,NA,NA,NA
Connecticut,1790,237946,2764,235182,239604
Delaware,1790,59096,8887,50209,64428
District of Columbia,1790,NA,NA,NA,NA
Florida,1790,NA,NA,NA,NA
Georgia,1790,82548,29264,53284,100106
Hawaii,1790,NA,NA,NA,NA
Idaho,1790,NA,NA,NA,NA
Illinois,1790,NA,NA,NA,NA
Indiana,1790,NA,NA,NA,NA
Iowa,1790,NA,NA,NA,NA
Kansas,1790,NA,NA,NA,NA
Kentucky,1790,73677,12430,61247,81135
Louisiana,1790,NA,NA,NA,NA
Maine,1790,96540,0,96540,96540
Maryland,1790,319728,103036,216692,381550
Massachusetts,1790,378787,0,378787,378787
Michigan,1790,NA,NA,NA,NA
Minnesota,1790,NA,NA,NA,NA
Mississippi,1790,NA,NA,NA,NA
Missouri,1790,NA,NA,NA,NA
Montana,1790,NA,NA,NA,NA
Nebraska,1790,NA,NA,NA,NA
Nevada,1790,NA,NA,NA,NA
New Hampshire,1790,141885,158,141727,141980
New Jersey,1790,184139,11423,172716,190993
New Mexico,1790,NA,NA,NA,NA
New York,1790,340120,21324,318796,352914
North Carolina,1790,393751,100572,293179,454094
North Dakota,1790,NA,NA,NA,NA
Ohio,1790,NA,NA,NA,NA
Oklahoma,1790,NA,NA,NA,NA
Oregon,1790,NA,NA,NA,NA
Pennsylvania,1790,434373,3737,430636,436615
Rhode Island,1790,68825,948,67877,69394
South Carolina,1790,249073,107094,141979,313329
South Dakota,1790,NA,NA,NA,NA
Tennessee,1790,35691,3417,32274,37741
Texas,1790,NA,NA,NA,NA
Utah,1790,NA,NA,NA,NA
Vermont,1790,85425,0,85425,85425
Virginia,1790,691937,287959,403978,864712
Washington,1790,NA,NA,NA,NA
West Virginia,1790,55873,4668,51205,58674
Wisconsin,1790,NA,NA,NA,NA
Wyoming,1790,NA,NA,NA,NA
United States,1790,3929214,697681,3231533,4347823
Alabama,1800,1250,494,756,1546
Alaska,1800,NA,NA,NA,NA
Arizona,1800,NA,NA,NA,NA
Arkansas,1800,NA,NA,NA,NA
California,1800,NA,NA,NA,NA
Colorado,1800,NA,NA,NA,NA
Connecticut,1800,251002,951,250051,251573
Delaware,1800,64273,6153,58120,67965
District of Columbia,1800,8144,2072,6072,9387
Florida,1800,NA,NA,NA,NA
Georgia,1800,162686,59699,102987,198505
Hawaii,1800,NA,NA,NA,NA
Idaho,1800,NA,NA,NA,NA
Illinois,1800,2458,107,2351,2522
Indiana,1800,2632,28,2604,2649
Iowa,1800,NA,NA,NA,NA
Kansas,1800,NA,NA,NA,NA
Kentucky,1800,220959,40343,180616,245165
Louisiana,1800,NA,NA,NA,NA
Maine,1800,151719,0,151719,151719
Maryland,1800,341548,105635,235913,404929
Massachusetts,1800,422845,0,422845,422845
Michigan,1800,3757,0,3757,3757
Minnesota,1800,NA,NA,NA,NA
Mississippi,1800,7600,2995,4605,9397
Missouri,1800,NA,NA,NA,NA
Montana,1800,NA,NA,NA,NA
Nebraska,1800,NA,NA,NA,NA
Nevada,1800,NA,NA,NA,NA
New Hampshire,1800,183858,8,183850,183863
New Jersey,1800,211149,12422,198727,218602
New Mexico,1800,NA,NA,NA,NA
New York,1800,586050,20613,565437,598418
North Carolina,1800,478103,133296,344807,558081
North Dakota,1800,NA,NA,NA,NA
Ohio,1800,42159,0,42159,42159
Oklahoma,1800,NA,NA,NA,NA
Oregon,1800,NA,NA,NA,NA
Pennsylvania,1800,602545,1706,600839,603569
Rhode Island,1800,69122,380,68742,69350
South Carolina,1800,345591,146151,199440,433282
South Dakota,1800,NA,NA,NA,NA
Tennessee,1800,105602,13584,92018,113752
Texas,1800,NA,NA,NA,NA
Utah,1800,NA,NA,NA,NA
Vermont,1800,154465,0,154465,154465
Virginia,1800,807557,339499,468058,1011256
Washington,1800,NA,NA,NA,NA
West Virginia,1800,78592,7172,71420,82895
Wisconsin,1800,NA,NA,NA,NA
Wyoming,1800,NA,NA,NA,NA
United States,1800,5308483,893602,4414881,5844644
Alabama,1810,9046,2565,6481,10585
Alaska,1810,NA,NA,NA,NA
Arizona,1810,NA,NA,NA,NA
Arkansas,1810,1062,136,926,1144
California,1810,NA,NA,NA,NA
Colorado,1810,NA,NA,NA,NA
Connecticut,1810,262042,310,261732,262228
Delaware,1810,72674,4177,68497,75180
District of Columbia,1810,15471,3554,11917,17603
Florida,1810,NA,NA,NA,NA
Georgia,1810,251407,105218,146189,314538
Hawaii,1810,NA,NA,NA,NA
Idaho,1810,NA,NA,NA,NA
Illinois,1810,12282,168,12114,12383
Indiana,1810,24520,237,24283,24662
Iowa,1810,NA,NA,NA,NA
Kansas,1810,NA,NA,NA,NA
Kentucky,1810,406511,80561,325950,454848
Louisiana,1810,76556,34660,41896,97352
Maine,1810,228705,0,228705,228705
Maryland,1810,380546,111502,269044,447447
Massachusetts,1810,472040,0,472040,472040
Michigan,1810,4762,24,4738,4776
Minnesota,1810,NA,NA,NA,NA
Mississippi,1810,31306,14523,16783,40020
Missouri,1810,19783,2875,16908,21508
Montana,1810,NA,NA,NA,NA
Nebraska,1810,NA,NA,NA,NA
Nevada,1810,NA,NA,NA,NA
New Hampshire,1810,214360,0,214360,214360
New Jersey,1810,245555,10851,234704,252066
New Mexico,1810,NA,NA,NA,NA
New York,1810,959049,15017,944032,968059
North Carolina,1810,556526,168824,387702,657820
North Dakota,1810,NA,NA,NA,NA
Ohio,1810,230760,0,230760,230760
Oklahoma,1810,NA,NA,NA,NA
Oregon,1810,NA,NA,NA,NA
Pennsylvania,1810,810091,795,809296,810568
Rhode Island,1810,76931,108,76823,76996
South Carolina,1810,415115,196365,218750,532934
South Dakota,1810,NA,NA,NA,NA
Tennessee,1810,261727,44535,217192,288448
Texas,1810,NA,NA,NA,NA
Utah,1810,NA,NA,NA,NA
Vermont,1810,217713,0,217713,217713
Virginia,1810,877683,383521,494162,1107796
Washington,1810,NA,NA,NA,NA
West Virginia,1810,105469,10836,94633,111971
Wisconsin,1810,NA,NA,NA,NA
Wyoming,1810,NA,NA,NA,NA
United States,1810,7239881,1191362,6048519,7954698
Alabama,1820,127901,41879,86022,153028
Alaska,1820,NA,NA,NA,NA
Arizona,1820,NA,NA,NA,NA
Arkansas,1820,14273,1617,12656,15243
California,1820,NA,NA,NA,NA
Colorado,1820,NA,NA,NA,NA
Connecticut,1820,275202,97,275105,275260
Delaware,1820,72749,4509,68240,75454
District of Columbia,1820,23336,4520,18816,26048
Florida,1820,NA,NA,NA,NA
Georgia,1820,340989,149656,191333,430783
Hawaii,1820,NA,NA,NA,NA
Idaho,1820,NA,NA,NA,NA
Illinois,1820,55211,917,54294,55761
Indiana,1820,147178,190,146988,147292
Iowa,1820,NA,NA,NA,NA
Kansas,1820,NA,NA,NA,NA
Kentucky,1820,564317,126732,437585,640356
Louisiana,1820,153407,69064,84343,194845
Maine,1820,298335,0,298335,298335
Maryland,1820,407350,107398,299952,471789
Massachusetts,1820,523287,0,523287,523287
Michigan,1820,7452,0,7452,7452
Minnesota,1820,NA,NA,NA,NA
Mississippi,1820,75448,32814,42634,95136
Missouri,1820,66586,10222,56364,72719
Montana,1820,NA,NA,NA,NA
Nebraska,1820,NA,NA,NA,NA
Nevada,1820,NA,NA,NA,NA
New Hampshire,1820,244161,0,244161,244161
New Jersey,1820,277575,7557,270018,282109
New Mexico,1820,NA,NA,NA,NA
New York,1820,1372812,10088,1362724,1378865
North Carolina,1820,638829,204917,433912,761779
North Dakota,1820,NA,NA,NA,NA
Ohio,1820,581434,0,581434,581434
Oklahoma,1820,NA,NA,NA,NA
Oregon,1820,NA,NA,NA,NA
Pennsylvania,1820,1049458,211,1049247,1049585
Rhode Island,1820,83059,48,83011,83088
South Carolina,1820,502741,258475,244266,657826
South Dakota,1820,NA,NA,NA,NA
Tennessee,1820,422813,80107,342706,470877
Texas,1820,NA,NA,NA,NA
Utah,1820,NA,NA,NA,NA
Vermont,1820,235764,0,235764,235764
Virginia,1820,938261,411886,526375,1185393
Washington,1820,NA,NA,NA,NA
West Virginia,1820,136808,15169,121639,145909
Wisconsin,1820,1444,0,1444,1444
Wyoming,1820,NA,NA,NA,NA
United States,1820,9638453,1538022,8100431,10561266
Alabama,1830,309527,117549,191978,380056
Alaska,1830,NA,NA,NA,NA
Arizona,1830,NA,NA,NA,NA
Arkansas,1830,30388,4576,25812,33134
California,1830,NA,NA,NA,NA
Colorado,1830,NA,NA,NA,NA
Connecticut,1830,297675,25,297650,297690
Delaware,1830,76748,3292,73456,78723
District of Columbia,1830,30261,4505,25756,32964
Florida,1830,34730,15501,19229,44031
Georgia,1830,516823,217531,299292,647342
Hawaii,1830,NA,NA,NA,NA
Idaho,1830,NA,NA,NA,NA
Illinois,1830,157445,747,156698,157893
Indiana,1830,343031,3,343028,343033
Iowa,1830,NA,NA,NA,NA
Kansas,1830,NA,NA,NA,NA
Kentucky,1830,687917,165213,522704,787045
Louisiana,1830,215739,109588,106151,281492
Maine,1830,399455,2,399453,399456
Maryland,1830,447040,102994,344046,508836
Massachusetts,1830,610408,1,610407,610409
Michigan,1830,28004,1,28003,28005
Minnesota,1830,NA,NA,NA,NA
Mississippi,1830,136621,65659,70962,176016
Missouri,1830,140455,25091,115364,155510
Montana,1830,NA,NA,NA,NA
Nebraska,1830,NA,NA,NA,NA
Nevada,1830,NA,NA,NA,NA
New Hampshire,1830,269328,3,269325,269330
New Jersey,1830,320823,2254,318569,322175
New Mexico,1830,NA,NA,NA,NA
New York,1830,1918608,75,1918533,1918653
North Carolina,1830,737987,245601,492386,885348
North Dakota,1830,NA,NA,NA,NA
Ohio,1830,937903,6,937897,937907
Oklahoma,1830,NA,NA,NA,NA
Oregon,1830,NA,NA,NA,NA
Pennsylvania,1830,1348233,403,1347830,1348475
Rhode Island,1830,97199,17,97182,97209
South Carolina,1830,581185,315401,265784,770426
South Dakota,1830,NA,NA,NA,NA
Tennessee,1830,681904,141603,540301,766866
Texas,1830,NA,NA,NA,NA
Utah,1830,NA,NA,NA,NA
Vermont,1830,280652,0,280652,280652
Virginia,1830,1044054,453698,590356,1316273
Washington,1830,NA,NA,NA,NA
West Virginia,1830,176924,17673,159251,187528
Wisconsin,1830,3635,31,3604,3654
Wyoming,1830,NA,NA,NA,NA
United States,1830,12860702,2009043,10851659,14066128
Alabama,1840,590756,253532,337224,742875
Alaska,1840,NA,NA,NA,NA
Arizona,1840,NA,NA,NA,NA
Arkansas,1840,97574,19935,77639,109535
California,1840,NA,NA,NA,NA
Colorado,1840,NA,NA,NA,NA
Connecticut,1840,309978,17,309961,309988
Delaware,1840,78085,2605,75480,79648
District of Columbia,1840,33745,3320,30425,35737
Florida,1840,54477,25717,28760,69907
Georgia,1840,691392,280944,410448,859958
Hawaii,1840,NA,NA,NA,NA
Idaho,1840,NA,NA,NA,NA
Illinois,1840,476183,331,475852,476382
Indiana,1840,685866,3,685863,685868
Iowa,1840,43112,16,43096,43122
Kansas,1840,NA,NA,NA,NA
Kentucky,1840,779828,182258,597570,889183
Louisiana,1840,352411,168452,183959,453482
Maine,1840,501793,0,501793,501793
Maryland,1840,470019,89737,380282,523861
Massachusetts,1840,737699,0,737699,737699
Michigan,1840,212267,0,212267,212267
Minnesota,1840,NA,NA,NA,NA
Mississippi,1840,375651,195211,180440,492778
Missouri,1840,383702,58240,325462,418646
Montana,1840,NA,NA,NA,NA
Nebraska,1840,NA,NA,NA,NA
Nevada,1840,NA,NA,NA,NA
New Hampshire,1840,284574,1,284573,284575
New Jersey,1840,373306,674,372632,373710
New Mexico,1840,NA,NA,NA,NA
New York,1840,2428921,4,2428917,2428923
North Carolina,1840,753419,245817,507602,900909
North Dakota,1840,NA,NA,NA,NA
Ohio,1840,1519467,3,1519464,1519469
Oklahoma,1840,NA,NA,NA,NA
Oregon,1840,NA,NA,NA,NA
Pennsylvania,1840,1724033,64,1723969,1724071
Rhode Island,1840,108830,5,108825,108833
South Carolina,1840,594398,327038,267360,790621
South Dakota,1840,NA,NA,NA,NA
Tennessee,1840,829210,183059,646151,939045
Texas,1840,NA,NA,NA,NA
Utah,1840,NA,NA,NA,NA
Vermont,1840,291948,0,291948,291948
Virginia,1840,1025227,431873,593354,1284351
Washington,1840,NA,0,NA,NA
West Virginia,1840,224537,18488,206049,235630
Wisconsin,1840,30945,11,30934,30952
Wyoming,1840,NA,NA,NA,NA
United States,1840,17063353,2487355,14575998,18555766
Alabama,1850,771623,342844,428779,977329
Alaska,1850,NA,NA,NA,NA
Arizona,1850,NA,NA,NA,NA
Arkansas,1850,209897,47100,162797,238157
California,1850,92597,0,92597,92597
Colorado,1850,NA,NA,NA,NA
Connecticut,1850,370792,0,370792,370792
Delaware,1850,91532,2290,89242,92906
District of Columbia,1850,51687,3687,48000,53899
Florida,1850,87445,39310,48135,111031
Georgia,1850,906185,381682,524503,1135194
Hawaii,1850,NA,NA,NA,NA
Idaho,1850,NA,NA,NA,NA
Illinois,1850,851470,0,851470,851470
Indiana,1850,988416,0,988416,988416
Iowa,1850,192214,0,192214,192214
Kansas,1850,NA,NA,NA,NA
Kentucky,1850,982405,210981,771424,1108994
Louisiana,1850,517762,244809,272953,664647
Maine,1850,583169,0,583169,583169
Maryland,1850,583034,90368,492666,637255
Massachusetts,1850,994514,0,994514,994514
Michigan,1850,397654,0,397654,397654
Minnesota,1850,6077,0,6077,6077
Mississippi,1850,606526,309878,296648,792453
Missouri,1850,682044,87422,594622,734497
Montana,1850,NA,NA,NA,NA
Nebraska,1850,NA,NA,NA,NA
Nevada,1850,NA,NA,NA,NA
New Hampshire,1850,317976,0,317976,317976
New Jersey,1850,489555,236,489319,489697
New Mexico,1850,61547,0,61547,61547
New York,1850,3097394,0,3097394,3097394
North Carolina,1850,869039,288548,580491,1042168
North Dakota,1850,NA,NA,NA,NA
Ohio,1850,1980329,0,1980329,1980329
Oklahoma,1850,NA,NA,NA,NA
Oregon,1850,12093,0,12093,12093
Pennsylvania,1850,2311786,0,2311786,2311786
Rhode Island,1850,147545,0,147545,147545
South Carolina,1850,668507,384984,283523,899497
South Dakota,1850,NA,NA,NA,NA
Tennessee,1850,1002717,239459,763258,1146392
Texas,1850,212592,58161,154431,247489
Utah,1850,11380,NA,NA,11380
Vermont,1850,314120,0,314120,314120
Virginia,1850,1119348,452028,667320,1390565
Washington,1850,1201,0,1201,1201
West Virginia,1850,302313,20500,281813,314613
Wisconsin,1850,305391,0,305391,305391
Wyoming,1850,NA,NA,NA,NA
United States,1850,23191876,3204313,19987563,25114464
Alabama,1860,964201,435080,529121,1225249
Alaska,1860,NA,NA,NA,NA
Arizona,1860,NA,NA,NA,NA
Arkansas,1860,435450,111115,324335,502119
California,1860,379994,0,379994,379994
Colorado,1860,34277,0,34277,34277
Connecticut,1860,460147,0,460147,460147
Delaware,1860,112216,1798,110418,113295
District of Columbia,1860,75080,3185,71895,76991
Florida,1860,140424,61745,78679,177471
Georgia,1860,1057286,462198,595088,1334605
Hawaii,1860,NA,NA,NA,NA
Idaho,1860,NA,NA,NA,NA
Illinois,1860,1711951,0,1711951,1711951
Indiana,1860,1350428,0,1350428,1350428
Iowa,1860,674913,0,674913,674913
Kansas,1860,107206,2,107204,107207
Kentucky,1860,1155684,225483,930201,1290974
Louisiana,1860,708002,331726,376276,907038
Maine,1860,628279,0,628279,628279
Maryland,1860,687049,87189,599860,739362
Massachusetts,1860,1231066,0,1231066,1231066
Michigan,1860,749113,0,749113,749113
Minnesota,1860,172023,0,172023,172023
Mississippi,1860,791305,436631,354674,1053284
Missouri,1860,1182012,114931,1067081,1250971
Montana,1860,NA,NA,NA,NA
Nebraska,1860,28841,15,28826,28850
Nevada,1860,6857,0,6857,6857
New Hampshire,1860,326073,0,326073,326073
New Jersey,1860,672035,18,672017,672046
New Mexico,1860,87034,0,87034,87034
New York,1860,3880735,0,3880735,3880735
North Carolina,1860,992622,331059,661563,1191257
North Dakota,1860,NA,NA,NA,NA
Ohio,1860,2339511,0,2339511,2339511
Oklahoma,1860,NA,NA,NA,NA
Oregon,1860,52465,0,52465,52465
Pennsylvania,1860,2906215,0,2906215,2906215
Rhode Island,1860,174620,0,174620,174620
South Carolina,1860,703708,402406,301302,945152
South Dakota,1860,4837,NA,NA,4837
Tennessee,1860,1109801,275719,834082,1275232
Texas,1860,604215,182566,421649,713755
Utah,1860,40273,NA,NA,40273
Vermont,1860,315098,0,315098,315098
Virginia,1860,1219630,472494,747136,1503126
Washington,1860,11594,0,11594,11594
West Virginia,1860,376688,18371,358317,387711
Wisconsin,1860,775881,0,775881,775881
Wyoming,1860,NA,NA,NA,NA
United States,1860,31443321,3953760,27489561,33815577
Alabama,1870,996992,NA,NA,996992
Alaska,1870,NA,NA,NA,NA
Arizona,1870,9658,NA,NA,9658
Arkansas,1870,484471,NA,NA,484471
California,1870,560247,NA,NA,560247
Colorado,1870,39864,NA,NA,39864
Connecticut,1870,537454,NA,NA,537454
Delaware,1870,125015,NA,NA,125015
District of Columbia,1870,131700,NA,NA,131700
Florida,1870,187748,NA,NA,187748
Georgia,1870,1184109,NA,NA,1184109
Hawaii,1870,NA,NA,NA,NA
Idaho,1870,14999,NA,NA,14999
Illinois,1870,2539891,NA,NA,2539891
Indiana,1870,1680637,NA,NA,1680637
Iowa,1870,1194020,NA,NA,1194020
Kansas,1870,364399,NA,NA,364399
Kentucky,1870,1321011,NA,NA,1321011
Louisiana,1870,726915,NA,NA,726915
Maine,1870,626915,NA,NA,626915
Maryland,1870,780894,NA,NA,780894
Massachusetts,1870,1457351,NA,NA,1457351
Michigan,1870,1184059,NA,NA,1184059
Minnesota,1870,439706,NA,NA,439706
Mississippi,1870,827922,NA,NA,827922
Missouri,1870,1721295,NA,NA,1721295
Montana,1870,20595,NA,NA,20595
Nebraska,1870,122993,NA,NA,122993
Nevada,1870,42491,NA,NA,42491
New Hampshire,1870,318300,NA,NA,318300
New Jersey,1870,906096,NA,NA,906096
New Mexico,1870,91874,NA,NA,91874
New York,1870,4382759,NA,NA,4382759
North Carolina,1870,1071361,NA,NA,1071361
North Dakota,1870,2405,NA,NA,2405
Ohio,1870,2665260,NA,NA,2665260
Oklahoma,1870,NA,NA,NA,NA
Oregon,1870,90923,NA,NA,90923
Pennsylvania,1870,3521951,NA,NA,3521951
Rhode Island,1870,217353,NA,NA,217353
South Carolina,1870,705606,NA,NA,705606
South Dakota,1870,11776,NA,NA,11776
Tennessee,1870,1258520,NA,NA,1258520
Texas,1870,818579,NA,NA,818579
Utah,1870,86336,NA,NA,86336
Vermont,1870,330551,NA,NA,330551
Virginia,1870,1225163,NA,NA,1225163
Washington,1870,23955,NA,NA,23955
West Virginia,1870,442014,NA,NA,442014
Wisconsin,1870,1054670,NA,NA,1054670
Wyoming,1870,9118,NA,NA,9118
United States,1870,38558371,NA,NA,38558371
Alabama,1880,1262505,NA,NA,1262505
Alaska,1880,NA,NA,NA,NA
Arizona,1880,40440,NA,NA,40440
Arkansas,1880,802525,NA,NA,802525
California,1880,864694,NA,NA,864694
Colorado,1880,194327,NA,NA,194327
Connecticut,1880,622700,NA,NA,622700
Delaware,1880,146608,NA,NA,146608
District of Columbia,1880,177624,NA,NA,177624
Florida,1880,269493,NA,NA,269493
Georgia,1880,1542180,NA,NA,1542180
Hawaii,1880,NA,NA,NA,NA
Idaho,1880,32610,NA,NA,32610
Illinois,1880,3077871,NA,NA,3077871
Indiana,1880,1978301,NA,NA,1978301
Iowa,1880,1624615,NA,NA,1624615
Kansas,1880,996096,NA,NA,996096
Kentucky,1880,1648690,NA,NA,1648690
Louisiana,1880,939946,NA,NA,939946
Maine,1880,648936,NA,NA,648936
Maryland,1880,934943,NA,NA,934943
Massachusetts,1880,1783085,NA,NA,1783085
Michigan,1880,1636937,NA,NA,1636937
Minnesota,1880,780773,NA,NA,780773
Mississippi,1880,1131597,NA,NA,1131597
Missouri,1880,2168380,NA,NA,2168380
Montana,1880,39159,NA,NA,39159
Nebraska,1880,452402,NA,NA,452402
Nevada,1880,62266,NA,NA,62266
New Hampshire,1880,346991,NA,NA,346991
New Jersey,1880,1131116,NA,NA,1131116
New Mexico,1880,119565,NA,NA,119565
New York,1880,5082871,NA,NA,5082871
North Carolina,1880,1399750,NA,NA,1399750
North Dakota,1880,36909,NA,NA,36909
Ohio,1880,3198062,NA,NA,3198062
Oklahoma,1880,NA,NA,NA,NA
Oregon,1880,174768,NA,NA,174768
Pennsylvania,1880,4282891,NA,NA,4282891
Rhode Island,1880,276531,NA,NA,276531
South Carolina,1880,995577,NA,NA,995577
South Dakota,1880,98268,NA,NA,98268
Tennessee,1880,1542359,NA,NA,1542359
Texas,1880,1591749,NA,NA,1591749
Utah,1880,143963,NA,NA,143963
Vermont,1880,332286,NA,NA,332286
Virginia,1880,1512565,NA,NA,1512565
Washington,1880,75116,NA,NA,75116
West Virginia,1880,618457,NA,NA,618457
Wisconsin,1880,1315497,NA,NA,1315497
Wyoming,1880,20789,NA,NA,20789
United States,1880,50155783,NA,NA,50155783
Alabama,1890,1513017,NA,NA,1513017
Alaska,1890,33426,NA,NA,33426
Arizona,1890,88243,NA,NA,88243
Arkansas,1890,1128211,NA,NA,1128211
California,1890,1213398,NA,NA,1213398
Colorado,1890,413249,NA,NA,413249
Connecticut,1890,746258,NA,NA,746258
Delaware,1890,168493,NA,NA,168493
District of Columbia,1890,230392,NA,NA,230392
Florida,1890,391422,NA,NA,391422
Georgia,1890,1837353,NA,NA,1837353
Hawaii,1890,NA,NA,NA,NA
Idaho,1890,88548,NA,NA,88548
Illinois,1890,3826351,NA,NA,3826351
Indiana,1890,2192404,NA,NA,2192404
Iowa,1890,1912297,NA,NA,1912297
Kansas,1890,1428108,NA,NA,1428108
Kentucky,1890,1858635,NA,NA,1858635
Louisiana,1890,1118587,NA,NA,1118587
Maine,1890,661086,NA,NA,661086
Maryland,1890,1042390,NA,NA,1042390
Massachusetts,1890,2238943,NA,NA,2238943
Michigan,1890,2093889,NA,NA,2093889
Minnesota,1890,1310283,NA,NA,1310283
Mississippi,1890,1289600,NA,NA,1289600
Missouri,1890,2679184,NA,NA,2679184
Montana,1890,142924,NA,NA,142924
Nebraska,1890,1062656,NA,NA,1062656
Nevada,1890,47355,NA,NA,47355
New Hampshire,1890,376530,NA,NA,376530
New Jersey,1890,1444933,NA,NA,1444933
New Mexico,1890,160282,NA,NA,160282
New York,1890,6003174,NA,NA,6003174
North Carolina,1890,1617947,NA,NA,1617947
North Dakota,1890,190983,NA,NA,190983
Ohio,1890,3672316,NA,NA,3672316
Oklahoma,1890,258657,NA,NA,258657
Oregon,1890,317704,NA,NA,317704
Pennsylvania,1890,5258014,NA,NA,5258014
Rhode Island,1890,345506,NA,NA,345506
South Carolina,1890,1151149,NA,NA,1151149
South Dakota,1890,348600,NA,NA,348600
Tennessee,1890,1767518,NA,NA,1767518
Texas,1890,2235523,NA,NA,2235523
Utah,1890,210779,NA,NA,210779
Vermont,1890,332422,NA,NA,332422
Virginia,1890,1655980,NA,NA,1655980
Washington,1890,357232,NA,NA,357232
West Virginia,1890,762794,NA,NA,762794
Wisconsin,1890,1693330,NA,NA,1693330
Wyoming,1890,60705,NA,NA,60705
United States,1890,NA,NA,NA,NA
Alabama,1900,1828697,NA,NA,1828697
Alaska,1900,32052,NA,NA,32052
Arizona,1900,122931,NA,NA,122931
Arkansas,1900,1311564,NA,NA,1311564
California,1900,1485053,NA,NA,1485053
Colorado,1900,539700,NA,NA,539700
Connecticut,1900,908420,NA,NA,908420
Delaware,1900,184735,NA,NA,184735
District of Columbia,1900,278718,NA,NA,278718
Florida,1900,528542,NA,NA,528542
Georgia,1900,2216331,NA,NA,2216331
Hawaii,1900,154001,NA,NA,154001
Idaho,1900,161772,NA,NA,161772
Illinois,1900,4821550,NA,NA,4821550
Indiana,1900,2516462,NA,NA,2516462
Iowa,1900,2231853,NA,NA,2231853
Kansas,1900,1470495,NA,NA,1470495
Kentucky,1900,2147174,NA,NA,2147174
Louisiana,1900,1381625,NA,NA,1381625
Maine,1900,694466,NA,NA,694466
Maryland,1900,1188044,NA,NA,1188044
Massachusetts,1900,2805346,NA,NA,2805346
Michigan,1900,2420982,NA,NA,2420982
Minnesota,1900,1751394,NA,NA,1751394
Mississippi,1900,1551270,NA,NA,1551270
Missouri,1900,3106665,NA,NA,3106665
Montana,1900,243329,NA,NA,243329
Nebraska,1900,1066300,NA,NA,1066300
Nevada,1900,42335,NA,NA,42335
New Hampshire,1900,411588,NA,NA,411588
New Jersey,1900,1883669,NA,NA,1883669
New Mexico,1900,195310,NA,NA,195310
New York,1900,7268894,NA,NA,7268894
North Carolina,1900,1893810,NA,NA,1893810
North Dakota,1900,319146,NA,NA,319146
Ohio,1900,4157545,NA,NA,4157545
Oklahoma,1900,790391,NA,NA,790391
Oregon,1900,413536,NA,NA,413536
Pennsylvania,1900,6302115,NA,NA,6302115
Rhode Island,1900,428556,NA,NA,428556
South Carolina,1900,1340316,NA,NA,1340316
South Dakota,1900,401570,NA,NA,401570
Tennessee,1900,2020616,NA,NA,2020616
Texas,1900,3048710,NA,NA,3048710
Utah,1900,276749,NA,NA,276749
Vermont,1900,343641,NA,NA,343641
Virginia,1900,1854184,NA,NA,1854184
Washington,1900,518103,NA,NA,518103
West Virginia,1900,958800,NA,NA,958800
Wisconsin,1900,2069042,NA,NA,2069042
Wyoming,1900,92531,NA,NA,92531
United States,1900,75994575,NA,NA,75994575
Alabama,1910,2138093,NA,NA,2138093
Alaska,1910,64356,NA,NA,64356
Arizona,1910,204354,NA,NA,204354
Arkansas,1910,1574449,NA,NA,1574449
California,1910,2377549,NA,NA,2377549
Colorado,1910,799024,NA,NA,799024
Connecticut,1910,1114756,NA,NA,1114756
Delaware,1910,202322,NA,NA,202322
District of Columbia,1910,331069,NA,NA,331069
Florida,1910,752619,NA,NA,752619
Georgia,1910,2609121,NA,NA,2609121
Hawaii,1910,191909,NA,NA,191909
Idaho,1910,325594,NA,NA,325594
Illinois,1910,5638591,NA,NA,5638591
Indiana,1910,2700876,NA,NA,2700876
Iowa,1910,2224771,NA,NA,2224771
Kansas,1910,1690949,NA,NA,1690949
Kentucky,1910,2289905,NA,NA,2289905
Louisiana,1910,1656388,NA,NA,1656388
Maine,1910,742371,NA,NA,742371
Maryland,1910,1295346,NA,NA,1295346
Massachusetts,1910,3366416,NA,NA,3366416
Michigan,1910,2810173,NA,NA,2810173
Minnesota,1910,2075708,NA,NA,2075708
Mississippi,1910,1797114,NA,NA,1797114
Missouri,1910,3293335,NA,NA,3293335
Montana,1910,376053,NA,NA,376053
Nebraska,1910,1192214,NA,NA,1192214
Nevada,1910,81875,NA,NA,81875
New Hampshire,1910,430572,NA,NA,430572
New Jersey,1910,2537167,NA,NA,2537167
New Mexico,1910,327301,NA,NA,327301
New York,1910,9113614,NA,NA,9113614
North Carolina,1910,2206287,NA,NA,2206287
North Dakota,1910,577056,NA,NA,577056
Ohio,1910,4767121,NA,NA,4767121
Oklahoma,1910,1657155,NA,NA,1657155
Oregon,1910,672765,NA,NA,672765
Pennsylvania,1910,7665111,NA,NA,7665111
Rhode Island,1910,542610,NA,NA,542610
South Carolina,1910,1515400,NA,NA,1515400
South Dakota,1910,583888,NA,NA,583888
Tennessee,1910,2184789,NA,NA,2184789
Texas,1910,3896542,NA,NA,3896542
Utah,1910,373351,NA,NA,373351
Vermont,1910,355956,NA,NA,355956
Virginia,1910,2061612,NA,NA,2061612
Washington,1910,1141990,NA,NA,1141990
West Virginia,1910,1221119,NA,NA,1221119
Wisconsin,1910,2333860,NA,NA,2333860
Wyoming,1910,145965,NA,NA,145965
United States,1910,91972266,NA,NA,91972266
Alabama,1920,2348174,NA,NA,2348174
Alaska,1920,55036,NA,NA,55036
Arizona,1920,334162,NA,NA,334162
Arkansas,1920,1752204,NA,NA,1752204
California,1920,3426861,NA,NA,3426861
Colorado,1920,939629,NA,NA,939629
Connecticut,1920,1380631,NA,NA,1380631
Delaware,1920,223003,NA,NA,223003
District of Columbia,1920,437571,NA,NA,437571
Florida,1920,968470,NA,NA,968470
Georgia,1920,2895832,NA,NA,2895832
Hawaii,1920,255912,NA,NA,255912
Idaho,1920,431866,NA,NA,431866
Illinois,1920,6485280,NA,NA,6485280
Indiana,1920,2930390,NA,NA,2930390
Iowa,1920,2404021,NA,NA,2404021
Kansas,1920,1769257,NA,NA,1769257
Kentucky,1920,2416630,NA,NA,2416630
Louisiana,1920,1798509,NA,NA,1798509
Maine,1920,768014,NA,NA,768014
Maryland,1920,1449661,NA,NA,1449661
Massachusetts,1920,3852356,NA,NA,3852356
Michigan,1920,3668412,NA,NA,3668412
Minnesota,1920,2387125,NA,NA,2387125
Mississippi,1920,1790618,NA,NA,1790618
Missouri,1920,3404055,NA,NA,3404055
Montana,1920,548889,NA,NA,548889
Nebraska,1920,1296372,NA,NA,1296372
Nevada,1920,77407,NA,NA,77407
New Hampshire,1920,443083,NA,NA,443083
New Jersey,1920,3155900,NA,NA,3155900
New Mexico,1920,360350,NA,NA,360350
New York,1920,10385227,NA,NA,10385227
North Carolina,1920,2559123,NA,NA,2559123
North Dakota,1920,646872,NA,NA,646872
Ohio,1920,5759394,NA,NA,5759394
Oklahoma,1920,2028283,NA,NA,2028283
Oregon,1920,783389,NA,NA,783389
Pennsylvania,1920,8720017,NA,NA,8720017
Rhode Island,1920,604397,NA,NA,604397
South Carolina,1920,1683724,NA,NA,1683724
South Dakota,1920,636547,NA,NA,636547
Tennessee,1920,2337885,NA,NA,2337885
Texas,1920,4663228,NA,NA,4663228
Utah,1920,449396,NA,NA,449396
Vermont,1920,352428,NA,NA,352428
Virginia,1920,2309187,NA,NA,2309187
Washington,1920,1356621,NA,NA,1356621
West Virginia,1920,1463701,NA,NA,1463701
Wisconsin,1920,2632067,NA,NA,2632067
Wyoming,1920,194402,NA,NA,194402
United States,1920,105710620,NA,NA,105710620
Alabama,1930,2646248,NA,NA,2646248
Alaska,1930,59278,NA,NA,59278
Arizona,1930,435573,NA,NA,435573
Arkansas,1930,1854482,NA,NA,1854482
California,1930,5677251,NA,NA,5677251
Colorado,1930,1035791,NA,NA,1035791
Connecticut,1930,1606903,NA,NA,1606903
Delaware,1930,238380,NA,NA,238380
District of Columbia,1930,486869,NA,NA,486869
Florida,1930,1468211,NA,NA,1468211
Georgia,1930,2908506,NA,NA,2908506
Hawaii,1930,368336,NA,NA,368336
Idaho,1930,445032,NA,NA,445032
Illinois,1930,7630654,NA,NA,7630654
Indiana,1930,3238503,NA,NA,3238503
Iowa,1930,2470939,NA,NA,2470939
Kansas,1930,1880999,NA,NA,1880999
Kentucky,1930,2614589,NA,NA,2614589
Louisiana,1930,2101593,NA,NA,2101593
Maine,1930,797423,NA,NA,797423
Maryland,1930,1631526,NA,NA,1631526
Massachusetts,1930,4249614,NA,NA,4249614
Michigan,1930,4842325,NA,NA,4842325
Minnesota,1930,2563953,NA,NA,2563953
Mississippi,1930,2009821,NA,NA,2009821
Missouri,1930,3629367,NA,NA,3629367
Montana,1930,537606,NA,NA,537606
Nebraska,1930,1377963,NA,NA,1377963
Nevada,1930,91058,NA,NA,91058
New Hampshire,1930,465293,NA,NA,465293
New Jersey,1930,4041334,NA,NA,4041334
New Mexico,1930,423317,NA,NA,423317
New York,1930,12588066,NA,NA,12588066
North Carolina,1930,3170276,NA,NA,3170276
North Dakota,1930,680845,NA,NA,680845
Ohio,1930,6646697,NA,NA,6646697
Oklahoma,1930,2396040,NA,NA,2396040
Oregon,1930,953786,NA,NA,953786
Pennsylvania,1930,9631350,NA,NA,9631350
Rhode Island,1930,687497,NA,NA,687497
South Carolina,1930,1738765,NA,NA,1738765
South Dakota,1930,692849,NA,NA,692849
Tennessee,1930,2616556,NA,NA,2616556
Texas,1930,5824715,NA,NA,5824715
Utah,1930,507847,NA,NA,507847
Vermont,1930,359611,NA,NA,359611
Virginia,1930,2421851,NA,NA,2421851
Washington,1930,1563396,NA,NA,1563396
West Virginia,1930,1729205,NA,NA,1729205
Wisconsin,1930,2939006,NA,NA,2939006
Wyoming,1930,225565,NA,NA,225565
United States,1930,122775046,NA,NA,122775046
Alabama,1940,2832961,NA,NA,2832961
Alaska,1940,72524,NA,NA,72524
Arizona,1940,499261,NA,NA,499261
Arkansas,1940,1949387,NA,NA,1949387
California,1940,6907387,NA,NA,6907387
Colorado,1940,1123296,NA,NA,1123296
Connecticut,1940,1709242,NA,NA,1709242
Delaware,1940,266505,NA,NA,266505
District of Columbia,1940,663091,NA,NA,663091
Florida,1940,1897414,NA,NA,1897414
Georgia,1940,3123723,NA,NA,3123723
Hawaii,1940,423330,NA,NA,423330
Idaho,1940,524873,NA,NA,524873
Illinois,1940,7897241,NA,NA,7897241
Indiana,1940,3427796,NA,NA,3427796
Iowa,1940,2538268,NA,NA,2538268
Kansas,1940,1801028,NA,NA,1801028
Kentucky,1940,2845627,NA,NA,2845627
Louisiana,1940,2363880,NA,NA,2363880
Maine,1940,847226,NA,NA,847226
Maryland,1940,1821244,NA,NA,1821244
Massachusetts,1940,4316721,NA,NA,4316721
Michigan,1940,5256106,NA,NA,5256106
Minnesota,1940,2792300,NA,NA,2792300
Mississippi,1940,2183796,NA,NA,2183796
Missouri,1940,3784664,NA,NA,3784664
Montana,1940,559456,NA,NA,559456
Nebraska,1940,1315834,NA,NA,1315834
Nevada,1940,110247,NA,NA,110247
New Hampshire,1940,491524,NA,NA,491524
New Jersey,1940,4160165,NA,NA,4160165
New Mexico,1940,531818,NA,NA,531818
New York,1940,13479142,NA,NA,13479142
North Carolina,1940,3571623,NA,NA,3571623
North Dakota,1940,641935,NA,NA,641935
Ohio,1940,6907612,NA,NA,6907612
Oklahoma,1940,2336434,NA,NA,2336434
Oregon,1940,1089684,NA,NA,1089684
Pennsylvania,1940,9900180,NA,NA,9900180
Rhode Island,1940,713346,NA,NA,713346
South Carolina,1940,1899804,NA,NA,1899804
South Dakota,1940,642961,NA,NA,642961
Tennessee,1940,2915841,NA,NA,2915841
Texas,1940,6414824,NA,NA,6414824
Utah,1940,550310,NA,NA,550310
Vermont,1940,359231,NA,NA,359231
Virginia,1940,2677773,NA,NA,2677773
Washington,1940,1736191,NA,NA,1736191
West Virginia,1940,1901974,NA,NA,1901974
Wisconsin,1940,3137587,NA,NA,3137587
Wyoming,1940,250742,NA,NA,250742
United States,1940,131669275,NA,NA,131669275
Alabama,1950,3061743,NA,NA,3061743
Alaska,1950,128643,NA,NA,128643
Arizona,1950,749587,NA,NA,749587
Arkansas,1950,1909511,NA,NA,1909511
California,1950,10586223,NA,NA,10586223
Colorado,1950,1325089,NA,NA,1325089
Connecticut,1950,2007280,NA,NA,2007280
Delaware,1950,318085,NA,NA,318085
District of Columbia,1950,802178,NA,NA,802178
Florida,1950,2771305,NA,NA,2771305
Georgia,1950,3444578,NA,NA,3444578
Hawaii,1950,499794,NA,NA,499794
Idaho,1950,588637,NA,NA,588637
Illinois,1950,8712176,NA,NA,8712176
Indiana,1950,3934224,NA,NA,3934224
Iowa,1950,2621073,NA,NA,2621073
Kansas,1950,1905299,NA,NA,1905299
Kentucky,1950,2944806,NA,NA,2944806
Louisiana,1950,2683516,NA,NA,2683516
Maine,1950,913774,NA,NA,913774
Maryland,1950,2343001,NA,NA,2343001
Massachusetts,1950,4690514,NA,NA,4690514
Michigan,1950,6371766,NA,NA,6371766
Minnesota,1950,2982483,NA,NA,2982483
Mississippi,1950,2178914,NA,NA,2178914
Missouri,1950,3954653,NA,NA,3954653
Montana,1950,591024,NA,NA,591024
Nebraska,1950,1325510,NA,NA,1325510
Nevada,1950,160083,NA,NA,160083
New Hampshire,1950,533242,NA,NA,533242
New Jersey,1950,4835329,NA,NA,4835329
New Mexico,1950,681187,NA,NA,681187
New York,1950,14830192,NA,NA,14830192
North Carolina,1950,4061929,NA,NA,4061929
North Dakota,1950,619636,NA,NA,619636
Ohio,1950,7946627,NA,NA,7946627
Oklahoma,1950,2233351,NA,NA,2233351
Oregon,1950,1521341,NA,NA,1521341
Pennsylvania,1950,10498012,NA,NA,10498012
Rhode Island,1950,791896,NA,NA,791896
South Carolina,1950,2117027,NA,NA,2117027
South Dakota,1950,652740,NA,NA,652740
Tennessee,1950,3291718,NA,NA,3291718
Texas,1950,7711194,NA,NA,7711194
Utah,1950,688862,NA,NA,688862
Vermont,1950,377747,NA,NA,377747
Virginia,1950,3318680,NA,NA,3318680
Washington,1950,2378963,NA,NA,2378963
West Virginia,1950,2005552,NA,NA,2005552
Wisconsin,1950,3434575,NA,NA,3434575
Wyoming,1950,290529,NA,NA,290529
United States,1950,150697361,NA,NA,150697361
Alabama,1960,3266740,NA,NA,3266740
Alaska,1960,226167,NA,NA,226167
Arizona,1960,1302161,NA,NA,1302161
Arkansas,1960,1786272,NA,NA,1786272
California,1960,15717204,NA,NA,15717204
Colorado,1960,1753947,NA,NA,1753947
Connecticut,1960,2535234,NA,NA,2535234
Delaware,1960,446292,NA,NA,446292
District of Columbia,1960,763956,NA,NA,763956
Florida,1960,4951560,NA,NA,4951560
Georgia,1960,3943116,NA,NA,3943116
Hawaii,1960,632772,NA,NA,632772
Idaho,1960,667191,NA,NA,667191
Illinois,1960,10081158,NA,NA,10081158
Indiana,1960,4662498,NA,NA,4662498
Iowa,1960,2757537,NA,NA,2757537
Kansas,1960,2178611,NA,NA,2178611
Kentucky,1960,3038156,NA,NA,3038156
Louisiana,1960,3257022,NA,NA,3257022
Maine,1960,969265,NA,NA,969265
Maryland,1960,3100689,NA,NA,3100689
Massachusetts,1960,5148578,NA,NA,5148578
Michigan,1960,7823194,NA,NA,7823194
Minnesota,1960,3413864,NA,NA,3413864
Mississippi,1960,2178141,NA,NA,2178141
Missouri,1960,4319813,NA,NA,4319813
Montana,1960,674767,NA,NA,674767
Nebraska,1960,1411330,NA,NA,1411330
Nevada,1960,285278,NA,NA,285278
New Hampshire,1960,606921,NA,NA,606921
New Jersey,1960,6066782,NA,NA,6066782
New Mexico,1960,951023,NA,NA,951023
New York,1960,16782304,NA,NA,16782304
North Carolina,1960,4556155,NA,NA,4556155
North Dakota,1960,632446,NA,NA,632446
Ohio,1960,9706397,NA,NA,9706397
Oklahoma,1960,2328284,NA,NA,2328284
Oregon,1960,1768687,NA,NA,1768687
Pennsylvania,1960,11319366,NA,NA,11319366
Rhode Island,1960,859488,NA,NA,859488
South Carolina,1960,2382594,NA,NA,2382594
South Dakota,1960,680514,NA,NA,680514
Tennessee,1960,3567089,NA,NA,3567089
Texas,1960,9579677,NA,NA,9579677
Utah,1960,890627,NA,NA,890627
Vermont,1960,389881,NA,NA,389881
Virginia,1960,3966949,NA,NA,3966949
Washington,1960,2853214,NA,NA,2853214
West Virginia,1960,1860421,NA,NA,1860421
Wisconsin,1960,3951777,NA,NA,3951777
Wyoming,1960,330066,NA,NA,330066
United States,1960,179323175,NA,NA,179323175
Alabama,1970,3444165,NA,NA,3444165
Alaska,1970,300382,NA,NA,300382
Arizona,1970,1770900,NA,NA,1770900
Arkansas,1970,1923295,NA,NA,1923295
California,1970,19953134,NA,NA,19953134
Colorado,1970,2207259,NA,NA,2207259
Connecticut,1970,3031709,NA,NA,3031709
Delaware,1970,548104,NA,NA,548104
District of Columbia,1970,756510,NA,NA,756510
Florida,1970,6789443,NA,NA,6789443
Georgia,1970,4589575,NA,NA,4589575
Hawaii,1970,768561,NA,NA,768561
Idaho,1970,712567,NA,NA,712567
Illinois,1970,11113976,NA,NA,11113976
Indiana,1970,5193669,NA,NA,5193669
Iowa,1970,2824376,NA,NA,2824376
Kansas,1970,2246578,NA,NA,2246578
Kentucky,1970,3218706,NA,NA,3218706
Louisiana,1970,3641306,NA,NA,3641306
Maine,1970,992048,NA,NA,992048
Maryland,1970,3922399,NA,NA,3922399
Massachusetts,1970,5689170,NA,NA,5689170
Michigan,1970,8875083,NA,NA,8875083
Minnesota,1970,3804971,NA,NA,3804971
Mississippi,1970,2216912,NA,NA,2216912
Missouri,1970,4676501,NA,NA,4676501
Montana,1970,694409,NA,NA,694409
Nebraska,1970,1483493,NA,NA,1483493
Nevada,1970,488738,NA,NA,488738
New Hampshire,1970,737681,NA,NA,737681
New Jersey,1970,7168164,NA,NA,7168164
New Mexico,1970,1016000,NA,NA,1016000
New York,1970,18236967,NA,NA,18236967
North Carolina,1970,5082059,NA,NA,5082059
North Dakota,1970,617761,NA,NA,617761
Ohio,1970,10652017,NA,NA,10652017
Oklahoma,1970,2559229,NA,NA,2559229
Oregon,1970,2091385,NA,NA,2091385
Pennsylvania,1970,11793909,NA,NA,11793909
Rhode Island,1970,946725,NA,NA,946725
South Carolina,1970,2590516,NA,NA,2590516
South Dakota,1970,665507,NA,NA,665507
Tennessee,1970,3923687,NA,NA,3923687
Texas,1970,11196730,NA,NA,11196730
Utah,1970,1059273,NA,NA,1059273
Vermont,1970,444330,NA,NA,444330
Virginia,1970,4648494,NA,NA,4648494
Washington,1970,3409169,NA,NA,3409169
West Virginia,1970,1744237,NA,NA,1744237
Wisconsin,1970,4417731,NA,NA,4417731
Wyoming,1970,332416,NA,NA,332416
United States,1970,203211926,NA,NA,203211926
Alabama,1980,3893888,NA,NA,3893888
Alaska,1980,401851,NA,NA,401851
Arizona,1980,2718215,NA,NA,2718215
Arkansas,1980,2286435,NA,NA,2286435
California,1980,23667902,NA,NA,23667902
Colorado,1980,2889964,NA,NA,2889964
Connecticut,1980,3107576,NA,NA,3107576
Delaware,1980,594338,NA,NA,594338
District of Columbia,1980,638333,NA,NA,638333
Florida,1980,9746324,NA,NA,9746324
Georgia,1980,5463105,NA,NA,5463105
Hawaii,1980,964691,NA,NA,964691
Idaho,1980,943935,NA,NA,943935
Illinois,1980,11426518,NA,NA,11426518
Indiana,1980,5490224,NA,NA,5490224
Iowa,1980,2913808,NA,NA,2913808
Kansas,1980,2363679,NA,NA,2363679
Kentucky,1980,3660777,NA,NA,3660777
Louisiana,1980,4205900,NA,NA,4205900
Maine,1980,1124660,NA,NA,1124660
Maryland,1980,4216975,NA,NA,4216975
Massachusetts,1980,5737037,NA,NA,5737037
Michigan,1980,9262078,NA,NA,9262078
Minnesota,1980,4075970,NA,NA,4075970
Mississippi,1980,2520638,NA,NA,2520638
Missouri,1980,4916686,NA,NA,4916686
Montana,1980,786690,NA,NA,786690
Nebraska,1980,1569825,NA,NA,1569825
Nevada,1980,800493,NA,NA,800493
New Hampshire,1980,920610,NA,NA,920610
New Jersey,1980,7364823,NA,NA,7364823
New Mexico,1980,1302894,NA,NA,1302894
New York,1980,17558072,NA,NA,17558072
North Carolina,1980,5881766,NA,NA,5881766
North Dakota,1980,652717,NA,NA,652717
Ohio,1980,10797630,NA,NA,10797630
Oklahoma,1980,3025290,NA,NA,3025290
Oregon,1980,2633105,NA,NA,2633105
Pennsylvania,1980,11863895,NA,NA,11863895
Rhode Island,1980,947154,NA,NA,947154
South Carolina,1980,3121820,NA,NA,3121820
South Dakota,1980,690768,NA,NA,690768
Tennessee,1980,4591120,NA,NA,4591120
Texas,1980,14229191,NA,NA,14229191
Utah,1980,1461037,NA,NA,1461037
Vermont,1980,511456,NA,NA,511456
Virginia,1980,5346818,NA,NA,5346818
Washington,1980,4132156,NA,NA,4132156
West Virginia,1980,1949644,NA,NA,1949644
Wisconsin,1980,4705767,NA,NA,4705767
Wyoming,1980,469557,NA,NA,469557
United States,1980,226545805,NA,NA,226545805
Alabama,1990,4040587,NA,NA,4040587
Alaska,1990,550043,NA,NA,550043
Arizona,1990,3665228,NA,NA,3665228
Arkansas,1990,2350725,NA,NA,2350725
California,1990,29760021,NA,NA,29760021
Colorado,1990,3294394,NA,NA,3294394
Connecticut,1990,3287116,NA,NA,3287116
Delaware,1990,666168,NA,NA,666168
District of Columbia,1990,606900,NA,NA,606900
Florida,1990,12937926,NA,NA,12937926
Georgia,1990,6478216,NA,NA,6478216
Hawaii,1990,1108229,NA,NA,1108229
Idaho,1990,1006749,NA,NA,1006749
Illinois,1990,11430602,NA,NA,11430602
Indiana,1990,5544159,NA,NA,5544159
Iowa,1990,2776755,NA,NA,2776755
Kansas,1990,2477574,NA,NA,2477574
Kentucky,1990,3685296,NA,NA,3685296
Louisiana,1990,4219973,NA,NA,4219973
Maine,1990,1227928,NA,NA,1227928
Maryland,1990,4781468,NA,NA,4781468
Massachusetts,1990,6016425,NA,NA,6016425
Michigan,1990,9295297,NA,NA,9295297
Minnesota,1990,4375099,NA,NA,4375099
Mississippi,1990,2573216,NA,NA,2573216
Missouri,1990,5117073,NA,NA,5117073
Montana,1990,799065,NA,NA,799065
Nebraska,1990,1578385,NA,NA,1578385
Nevada,1990,1201833,NA,NA,1201833
New Hampshire,1990,1109252,NA,NA,1109252
New Jersey,1990,7730188,NA,NA,7730188
New Mexico,1990,1515069,NA,NA,1515069
New York,1990,17990455,NA,NA,17990455
North Carolina,1990,6628637,NA,NA,6628637
North Dakota,1990,638800,NA,NA,638800
Ohio,1990,10847115,NA,NA,10847115
Oklahoma,1990,3145585,NA,NA,3145585
Oregon,1990,2842321,NA,NA,2842321
Pennsylvania,1990,11881643,NA,NA,11881643
Rhode Island,1990,1003464,NA,NA,1003464
South Carolina,1990,3486703,NA,NA,3486703
South Dakota,1990,696004,NA,NA,696004
Tennessee,1990,4877185,NA,NA,4877185
Texas,1990,16986510,NA,NA,16986510
Utah,1990,1722850,NA,NA,1722850
Vermont,1990,562758,NA,NA,562758
Virginia,1990,6187358,NA,NA,6187358
Washington,1990,4866692,NA,NA,4866692
West Virginia,1990,1793477,NA,NA,1793477
Wisconsin,1990,4891769,NA,NA,4891769
Wyoming,1990,453588,NA,NA,453588
United States,1990,248709873,NA,NA,248709873
Alabama,2000,4447100,NA,NA,4447100
Alaska,2000,626932,NA,NA,626932
Arizona,2000,5130632,NA,NA,5130632
Arkansas,2000,2673400,NA,NA,2673400
California,2000,33871648,NA,NA,33871648
Colorado,2000,4301261,NA,NA,4301261
Connecticut,2000,3405565,NA,NA,3405565
Delaware,2000,783600,NA,NA,783600
District of Columbia,2000,572059,NA,NA,572059
Florida,2000,15982378,NA,NA,15982378
Georgia,2000,8186453,NA,NA,8186453
Hawaii,2000,1211537,NA,NA,1211537
Idaho,2000,1293953,NA,NA,1293953
Illinois,2000,12419293,NA,NA,12419293
Indiana,2000,6080485,NA,NA,6080485
Iowa,2000,2926324,NA,NA,2926324
Kansas,2000,2688418,NA,NA,2688418
Kentucky,2000,4041769,NA,NA,4041769
Louisiana,2000,4468976,NA,NA,4468976
Maine,2000,1274923,NA,NA,1274923
Maryland,2000,5296486,NA,NA,5296486
Massachusetts,2000,6349097,NA,NA,6349097
Michigan,2000,9938444,NA,NA,9938444
Minnesota,2000,4919479,NA,NA,4919479
Mississippi,2000,2844658,NA,NA,2844658
Missouri,2000,5595211,NA,NA,5595211
Montana,2000,902195,NA,NA,902195
Nebraska,2000,1711263,NA,NA,1711263
Nevada,2000,1998257,NA,NA,1998257
New Hampshire,2000,1235786,NA,NA,1235786
New Jersey,2000,8414350,NA,NA,8414350
New Mexico,2000,1819046,NA,NA,1819046
New York,2000,18976457,NA,NA,18976457
North Carolina,2000,8049313,NA,NA,8049313
North Dakota,2000,642200,NA,NA,642200
Ohio,2000,11353140,NA,NA,11353140
Oklahoma,2000,3450654,NA,NA,3450654
Oregon,2000,3421399,NA,NA,3421399
Pennsylvania,2000,12281054,NA,NA,12281054
Rhode Island,2000,1048319,NA,NA,1048319
South Carolina,2000,4012012,NA,NA,4012012
South Dakota,2000,754844,NA,NA,754844
Tennessee,2000,5689283,NA,NA,5689283
Texas,2000,20851820,NA,NA,20851820
Utah,2000,2233169,NA,NA,2233169
Vermont,2000,608827,NA,NA,608827
Virginia,2000,7078515,NA,NA,7078515
Washington,2000,5894121,NA,NA,5894121
West Virginia,2000,1808344,NA,NA,1808344
Wisconsin,2000,5363675,NA,NA,5363675
Wyoming,2000,493782,NA,NA,493782
United States,2000,281421906,NA,NA,281421906
Alabama,2010,4779736,NA,NA,4779736
Alaska,2010,710231,NA,NA,710231
Arizona,2010,6392017,NA,NA,6392017
Arkansas,2010,2915918,NA,NA,2915918
California,2010,37253956,NA,NA,37253956
Colorado,2010,5029196,NA,NA,5029196
Connecticut,2010,3574097,NA,NA,3574097
Delaware,2010,897934,NA,NA,897934
District of Columbia,2010,601723,NA,NA,601723
Florida,2010,18801310,NA,NA,18801310
Georgia,2010,9687653,NA,NA,9687653
Hawaii,2010,1360301,NA,NA,1360301
Idaho,2010,1567582,NA,NA,1567582
Illinois,2010,12830632,NA,NA,12830632
Indiana,2010,6483802,NA,NA,6483802
Iowa,2010,3046355,NA,NA,3046355
Kansas,2010,2853118,NA,NA,2853118
Kentucky,2010,4339367,NA,NA,4339367
Louisiana,2010,4533372,NA,NA,4533372
Maine,2010,1328361,NA,NA,1328361
Maryland,2010,5773552,NA,NA,5773552
Massachusetts,2010,6547629,NA,NA,6547629
Michigan,2010,9883640,NA,NA,9883640
Minnesota,2010,5303925,NA,NA,5303925
Mississippi,2010,2967297,NA,NA,2967297
Missouri,2010,5988927,NA,NA,5988927
Montana,2010,989415,NA,NA,989415
Nebraska,2010,1826341,NA,NA,1826341
Nevada,2010,2700551,NA,NA,2700551
New Hampshire,2010,1316470,NA,NA,1316470
New Jersey,2010,8791894,NA,NA,8791894
New Mexico,2010,2059179,NA,NA,2059179
New York,2010,19378102,NA,NA,19378102
North Carolina,2010,9535483,NA,NA,9535483
North Dakota,2010,672591,NA,NA,672591
Ohio,2010,11536504,NA,NA,11536504
Oklahoma,2010,3751351,NA,NA,3751351
Oregon,2010,3831074,NA,NA,3831074
Pennsylvania,2010,12702379,NA,NA,12702379
Rhode Island,2010,1052567,NA,NA,1052567
South Carolina,2010,4625364,NA,NA,4625364
South Dakota,2010,814180,NA,NA,814180
Tennessee,2010,6346105,NA,NA,6346105
Texas,2010,25145561,NA,NA,25145561
Utah,2010,2763885,NA,NA,2763885
Vermont,2010,625741,NA,NA,625741
Virginia,2010,8001024,NA,NA,8001024
Washington,2010,6724540,NA,NA,6724540
West Virginia,2010,1852994,NA,NA,1852994
Wisconsin,2010,5686986,NA,NA,5686986
Wyoming,2010,563626,NA,NA,563626
United States,2010,308745538,NA,NA,308745538
