state,year,n_reps,state_name,total_reps,relative_rep_power
AL,1790,NA,Alabama,170,NA
AK,1790,NA,Alaska,170,NA
AZ,1790,NA,Arizona,170,NA
AR,1790,NA,Arkansas,170,NA
CA,1790,NA,California,170,NA
CO,1790,NA,Colorado,170,NA
CT,1790,5,Connecticut,170,0.029411764705882353
DE,1790,1,Delaware,170,0.0058823529411764705
FL,1790,NA,Florida,170,NA
GA,1790,3,Georgia,170,0.01764705882352941
HI,1790,NA,Hawaii,170,NA
ID,1790,NA,Idaho,170,NA
IL,1790,NA,Illinois,170,NA
IN,1790,NA,Indiana,170,NA
IA,1790,NA,Iowa,170,NA
KS,1790,NA,Kansas,170,NA
KY,1790,NA,Kentucky,170,NA
LA,1790,NA,Louisiana,170,NA
ME,1790,NA,Maine,170,NA
MD,1790,6,Maryland,170,0.03529411764705882
MA,1790,8,Massachusetts,170,0.047058823529411764
MI,1790,NA,Michigan,170,NA
MN,1790,NA,Minnesota,170,NA
MS,1790,NA,Mississippi,170,NA
MO,1790,NA,Missouri,170,NA
MT,1790,NA,Montana,170,NA
NE,1790,NA,Nebraska,170,NA
NV,1790,NA,Nevada,170,NA
NH,1790,3,New Hampshire,170,0.01764705882352941
NJ,1790,4,New Jersey,170,0.023529411764705882
NM,1790,NA,New Mexico,170,NA
NY,1790,6,New York,170,0.03529411764705882
NC,1790,5,North Carolina,170,0.029411764705882353
ND,1790,NA,North Dakota,170,NA
OH,1790,NA,Ohio,170,NA
OK,1790,NA,Oklahoma,170,NA
OR,1790,NA,Oregon,170,NA
PA,1790,8,Pennsylvania,170,0.047058823529411764
RI,1790,1,Rhode Island,170,0.0058823529411764705
SC,1790,5,South Carolina,170,0.029411764705882353
SD,1790,NA,South Dakota,170,NA
TN,1790,NA,Tennessee,170,NA
TX,1790,NA,Texas,170,NA
UT,1790,NA,Utah,170,NA
VT,1790,NA,Vermont,170,NA
VA,1790,10,Virginia,170,0.058823529411764705
WA,1790,NA,Washington,170,NA
WV,1790,NA,West Virginia,170,NA
WI,1790,NA,Wisconsin,170,NA
WY,1790,NA,Wyoming,170,NA
AL,1790,NA,Alabama,170,NA
AK,1790,NA,Alaska,170,NA
AZ,1790,NA,Arizona,170,NA
AR,1790,NA,Arkansas,170,NA
CA,1790,NA,California,170,NA
CO,1790,NA,Colorado,170,NA
CT,1790,7,Connecticut,170,0.041176470588235294
DE,1790,1,Delaware,170,0.0058823529411764705
FL,1790,NA,Florida,170,NA
GA,1790,2,Georgia,170,0.011764705882352941
HI,1790,NA,Hawaii,170,NA
ID,1790,NA,Idaho,170,NA
IL,1790,NA,Illinois,170,NA
IN,1790,NA,Indiana,170,NA
IA,1790,NA,Iowa,170,NA
KS,1790,NA,Kansas,170,NA
KY,1790,2,Kentucky,170,0.011764705882352941
LA,1790,NA,Louisiana,170,NA
ME,1790,NA,Maine,170,NA
MD,1790,8,Maryland,170,0.047058823529411764
MA,1790,14,Massachusetts,170,0.08235294117647059
MI,1790,NA,Michigan,170,NA
MN,1790,NA,Minnesota,170,NA
MS,1790,NA,Mississippi,170,NA
MO,1790,NA,Missouri,170,NA
MT,1790,NA,Montana,170,NA
NE,1790,NA,Nebraska,170,NA
NV,1790,NA,Nevada,170,NA
NH,1790,4,New Hampshire,170,0.023529411764705882
NJ,1790,5,New Jersey,170,0.029411764705882353
NM,1790,NA,New Mexico,170,NA
NY,1790,10,New York,170,0.058823529411764705
NC,1790,10,North Carolina,170,0.058823529411764705
ND,1790,NA,North Dakota,170,NA
OH,1790,NA,Ohio,170,NA
OK,1790,NA,Oklahoma,170,NA
OR,1790,NA,Oregon,170,NA
PA,1790,13,Pennsylvania,170,0.07647058823529412
RI,1790,2,Rhode Island,170,0.011764705882352941
SC,1790,6,South Carolina,170,0.03529411764705882
SD,1790,NA,South Dakota,170,NA
TN,1790,NA,Tennessee,170,NA
TX,1790,NA,Texas,170,NA
UT,1790,NA,Utah,170,NA
VT,1790,2,Vermont,170,0.011764705882352941
VA,1790,19,Virginia,170,0.11176470588235295
WA,1790,NA,Washington,170,NA
WV,1790,NA,West Virginia,170,NA
WI,1790,NA,Wisconsin,170,NA
WY,1790,NA,Wyoming,170,NA
AL,1800,NA,Alabama,142,NA
AK,1800,NA,Alaska,142,NA
AZ,1800,NA,Arizona,142,NA
AR,1800,NA,Arkansas,142,NA
CA,1800,NA,California,142,NA
CO,1800,NA,Colorado,142,NA
CT,1800,7,Connecticut,142,0.04929577464788732
DE,1800,1,Delaware,142,0.007042253521126761
FL,1800,NA,Florida,142,NA
GA,1800,4,Georgia,142,0.028169014084507043
HI,1800,NA,Hawaii,142,NA
ID,1800,NA,Idaho,142,NA
IL,1800,NA,Illinois,142,NA
IN,1800,NA,Indiana,142,NA
IA,1800,NA,Iowa,142,NA
KS,1800,NA,Kansas,142,NA
KY,1800,6,Kentucky,142,0.04225352112676056
LA,1800,NA,Louisiana,142,NA
ME,1800,NA,Maine,142,NA
MD,1800,9,Maryland,142,0.06338028169014084
MA,1800,17,Massachusetts,142,0.11971830985915492
MI,1800,NA,Michigan,142,NA
MN,1800,NA,Minnesota,142,NA
MS,1800,NA,Mississippi,142,NA
MO,1800,NA,Missouri,142,NA
MT,1800,NA,Montana,142,NA
NE,1800,NA,Nebraska,142,NA
NV,1800,NA,Nevada,142,NA
NH,1800,5,New Hampshire,142,0.035211267605633804
NJ,1800,6,New Jersey,142,0.04225352112676056
NM,1800,NA,New Mexico,142,NA
NY,1800,17,New York,142,0.11971830985915492
NC,1800,12,North Carolina,142,0.08450704225352113
ND,1800,NA,North Dakota,142,NA
OH,1800,1,Ohio,142,0.007042253521126761
OK,1800,NA,Oklahoma,142,NA
OR,1800,NA,Oregon,142,NA
PA,1800,18,Pennsylvania,142,0.1267605633802817
RI,1800,2,Rhode Island,142,0.014084507042253521
SC,1800,8,South Carolina,142,0.056338028169014086
SD,1800,NA,South Dakota,142,NA
TN,1800,3,Tennessee,142,0.02112676056338028
TX,1800,NA,Texas,142,NA
UT,1800,NA,Utah,142,NA
VT,1800,4,Vermont,142,0.028169014084507043
VA,1800,22,Virginia,142,0.15492957746478872
WA,1800,NA,Washington,142,NA
WV,1800,NA,West Virginia,142,NA
WI,1800,NA,Wisconsin,142,NA
WY,1800,NA,Wyoming,142,NA
AL,1810,NA,Alabama,182,NA
AK,1810,NA,Alaska,182,NA
AZ,1810,NA,Arizona,182,NA
AR,1810,NA,Arkansas,182,NA
CA,1810,NA,California,182,NA
CO,1810,NA,Colorado,182,NA
CT,1810,7,Connecticut,182,0.038461538461538464
DE,1810,2,Delaware,182,0.01098901098901099
FL,1810,NA,Florida,182,NA
GA,1810,6,Georgia,182,0.03296703296703297
HI,1810,NA,Hawaii,182,NA
ID,1810,NA,Idaho,182,NA
IL,1810,NA,Illinois,182,NA
IN,1810,NA,Indiana,182,NA
IA,1810,NA,Iowa,182,NA
KS,1810,NA,Kansas,182,NA
KY,1810,10,Kentucky,182,0.054945054945054944
LA,1810,1,Louisiana,182,0.005494505494505495
ME,1810,NA,Maine,182,NA
MD,1810,9,Maryland,182,0.04945054945054945
MA,1810,20,Massachusetts,182,0.10989010989010989
MI,1810,NA,Michigan,182,NA
MN,1810,NA,Minnesota,182,NA
MS,1810,NA,Mississippi,182,NA
MO,1810,NA,Missouri,182,NA
MT,1810,NA,Montana,182,NA
NE,1810,NA,Nebraska,182,NA
NV,1810,NA,Nevada,182,NA
NH,1810,6,New Hampshire,182,0.03296703296703297
NJ,1810,6,New Jersey,182,0.03296703296703297
NM,1810,NA,New Mexico,182,NA
NY,1810,27,New York,182,0.14835164835164835
NC,1810,13,North Carolina,182,0.07142857142857142
ND,1810,NA,North Dakota,182,NA
OH,1810,6,Ohio,182,0.03296703296703297
OK,1810,NA,Oklahoma,182,NA
OR,1810,NA,Oregon,182,NA
PA,1810,23,Pennsylvania,182,0.12637362637362637
RI,1810,2,Rhode Island,182,0.01098901098901099
SC,1810,9,South Carolina,182,0.04945054945054945
SD,1810,NA,South Dakota,182,NA
TN,1810,6,Tennessee,182,0.03296703296703297
TX,1810,NA,Texas,182,NA
UT,1810,NA,Utah,182,NA
VT,1810,6,Vermont,182,0.03296703296703297
VA,1810,23,Virginia,182,0.12637362637362637
WA,1810,NA,Washington,182,NA
WV,1810,NA,West Virginia,182,NA
WI,1810,NA,Wisconsin,182,NA
WY,1810,NA,Wyoming,182,NA
AL,1820,3,Alabama,213,0.014084507042253521
AK,1820,NA,Alaska,213,NA
AZ,1820,NA,Arizona,213,NA
AR,1820,NA,Arkansas,213,NA
CA,1820,NA,California,213,NA
CO,1820,NA,Colorado,213,NA
CT,1820,6,Connecticut,213,0.028169014084507043
DE,1820,1,Delaware,213,0.004694835680751174
FL,1820,NA,Florida,213,NA
GA,1820,7,Georgia,213,0.03286384976525822
HI,1820,NA,Hawaii,213,NA
ID,1820,NA,Idaho,213,NA
IL,1820,1,Illinois,213,0.004694835680751174
IN,1820,3,Indiana,213,0.014084507042253521
IA,1820,NA,Iowa,213,NA
KS,1820,NA,Kansas,213,NA
KY,1820,12,Kentucky,213,0.056338028169014086
LA,1820,3,Louisiana,213,0.014084507042253521
ME,1820,7,Maine,213,0.03286384976525822
MD,1820,9,Maryland,213,0.04225352112676056
MA,1820,13,Massachusetts,213,0.06103286384976526
MI,1820,NA,Michigan,213,NA
MN,1820,NA,Minnesota,213,NA
MS,1820,1,Mississippi,213,0.004694835680751174
MO,1820,1,Missouri,213,0.004694835680751174
MT,1820,NA,Montana,213,NA
NE,1820,NA,Nebraska,213,NA
NV,1820,NA,Nevada,213,NA
NH,1820,6,New Hampshire,213,0.028169014084507043
NJ,1820,6,New Jersey,213,0.028169014084507043
NM,1820,NA,New Mexico,213,NA
NY,1820,34,New York,213,0.1596244131455399
NC,1820,13,North Carolina,213,0.06103286384976526
ND,1820,NA,North Dakota,213,NA
OH,1820,14,Ohio,213,0.06572769953051644
OK,1820,NA,Oklahoma,213,NA
OR,1820,NA,Oregon,213,NA
PA,1820,26,Pennsylvania,213,0.12206572769953052
RI,1820,2,Rhode Island,213,0.009389671361502348
SC,1820,9,South Carolina,213,0.04225352112676056
SD,1820,NA,South Dakota,213,NA
TN,1820,9,Tennessee,213,0.04225352112676056
TX,1820,NA,Texas,213,NA
UT,1820,NA,Utah,213,NA
VT,1820,5,Vermont,213,0.023474178403755867
VA,1820,22,Virginia,213,0.10328638497652583
WA,1820,NA,Washington,213,NA
WV,1820,NA,West Virginia,213,NA
WI,1820,NA,Wisconsin,213,NA
WY,1820,NA,Wyoming,213,NA
AL,1830,5,Alabama,240,0.020833333333333332
AK,1830,NA,Alaska,240,NA
AZ,1830,NA,Arizona,240,NA
AR,1830,NA,Arkansas,240,NA
CA,1830,NA,California,240,NA
CO,1830,NA,Colorado,240,NA
CT,1830,6,Connecticut,240,0.025
DE,1830,1,Delaware,240,0.004166666666666667
FL,1830,NA,Florida,240,NA
GA,1830,9,Georgia,240,0.0375
HI,1830,NA,Hawaii,240,NA
ID,1830,NA,Idaho,240,NA
IL,1830,3,Illinois,240,0.0125
IN,1830,7,Indiana,240,0.029166666666666667
IA,1830,NA,Iowa,240,NA
KS,1830,NA,Kansas,240,NA
KY,1830,13,Kentucky,240,0.05416666666666667
LA,1830,3,Louisiana,240,0.0125
ME,1830,8,Maine,240,0.03333333333333333
MD,1830,8,Maryland,240,0.03333333333333333
MA,1830,12,Massachusetts,240,0.05
MI,1830,NA,Michigan,240,NA
MN,1830,NA,Minnesota,240,NA
MS,1830,2,Mississippi,240,0.008333333333333333
MO,1830,2,Missouri,240,0.008333333333333333
MT,1830,NA,Montana,240,NA
NE,1830,NA,Nebraska,240,NA
NV,1830,NA,Nevada,240,NA
NH,1830,5,New Hampshire,240,0.020833333333333332
NJ,1830,6,New Jersey,240,0.025
NM,1830,NA,New Mexico,240,NA
NY,1830,40,New York,240,0.16666666666666666
NC,1830,13,North Carolina,240,0.05416666666666667
ND,1830,NA,North Dakota,240,NA
OH,1830,19,Ohio,240,0.07916666666666666
OK,1830,NA,Oklahoma,240,NA
OR,1830,NA,Oregon,240,NA
PA,1830,28,Pennsylvania,240,0.11666666666666667
RI,1830,2,Rhode Island,240,0.008333333333333333
SC,1830,9,South Carolina,240,0.0375
SD,1830,NA,South Dakota,240,NA
TN,1830,13,Tennessee,240,0.05416666666666667
TX,1830,NA,Texas,240,NA
UT,1830,NA,Utah,240,NA
VT,1830,5,Vermont,240,0.020833333333333332
VA,1830,21,Virginia,240,0.0875
WA,1830,NA,Washington,240,NA
WV,1830,NA,West Virginia,240,NA
WI,1830,NA,Wisconsin,240,NA
WY,1830,NA,Wyoming,240,NA
AL,1840,7,Alabama,223,0.03139013452914798
AK,1840,NA,Alaska,223,NA
AZ,1840,NA,Arizona,223,NA
AR,1840,1,Arkansas,223,0.004484304932735426
CA,1840,NA,California,223,NA
CO,1840,NA,Colorado,223,NA
CT,1840,4,Connecticut,223,0.017937219730941704
DE,1840,1,Delaware,223,0.004484304932735426
FL,1840,NA,Florida,223,NA
GA,1840,8,Georgia,223,0.03587443946188341
HI,1840,NA,Hawaii,223,NA
ID,1840,NA,Idaho,223,NA
IL,1840,7,Illinois,223,0.03139013452914798
IN,1840,10,Indiana,223,0.04484304932735426
IA,1840,NA,Iowa,223,NA
KS,1840,NA,Kansas,223,NA
KY,1840,10,Kentucky,223,0.04484304932735426
LA,1840,4,Louisiana,223,0.017937219730941704
ME,1840,7,Maine,223,0.03139013452914798
MD,1840,6,Maryland,223,0.026905829596412557
MA,1840,10,Massachusetts,223,0.04484304932735426
MI,1840,3,Michigan,223,0.013452914798206279
MN,1840,NA,Minnesota,223,NA
MS,1840,4,Mississippi,223,0.017937219730941704
MO,1840,5,Missouri,223,0.02242152466367713
MT,1840,NA,Montana,223,NA
NE,1840,NA,Nebraska,223,NA
NV,1840,NA,Nevada,223,NA
NH,1840,4,New Hampshire,223,0.017937219730941704
NJ,1840,5,New Jersey,223,0.02242152466367713
NM,1840,NA,New Mexico,223,NA
NY,1840,34,New York,223,0.15246636771300448
NC,1840,9,North Carolina,223,0.04035874439461883
ND,1840,NA,North Dakota,223,NA
OH,1840,21,Ohio,223,0.09417040358744394
OK,1840,NA,Oklahoma,223,NA
OR,1840,NA,Oregon,223,NA
PA,1840,24,Pennsylvania,223,0.10762331838565023
RI,1840,2,Rhode Island,223,0.008968609865470852
SC,1840,7,South Carolina,223,0.03139013452914798
SD,1840,NA,South Dakota,223,NA
TN,1840,11,Tennessee,223,0.04932735426008968
TX,1840,NA,Texas,223,NA
UT,1840,NA,Utah,223,NA
VT,1840,4,Vermont,223,0.017937219730941704
VA,1840,15,Virginia,223,0.06726457399103139
WA,1840,NA,Washington,223,NA
WV,1840,NA,West Virginia,223,NA
WI,1840,NA,Wisconsin,223,NA
WY,1840,NA,Wyoming,223,NA
AL,1850,7,Alabama,234,0.029914529914529916
AK,1850,NA,Alaska,234,NA
AZ,1850,NA,Arizona,234,NA
AR,1850,2,Arkansas,234,0.008547008547008548
CA,1850,2,California,234,0.008547008547008548
CO,1850,NA,Colorado,234,NA
CT,1850,4,Connecticut,234,0.017094017094017096
DE,1850,1,Delaware,234,0.004273504273504274
FL,1850,1,Florida,234,0.004273504273504274
GA,1850,8,Georgia,234,0.03418803418803419
HI,1850,NA,Hawaii,234,NA
ID,1850,NA,Idaho,234,NA
IL,1850,9,Illinois,234,0.038461538461538464
IN,1850,11,Indiana,234,0.04700854700854701
IA,1850,2,Iowa,234,0.008547008547008548
KS,1850,NA,Kansas,234,NA
KY,1850,10,Kentucky,234,0.042735042735042736
LA,1850,4,Louisiana,234,0.017094017094017096
ME,1850,6,Maine,234,0.02564102564102564
MD,1850,6,Maryland,234,0.02564102564102564
MA,1850,11,Massachusetts,234,0.04700854700854701
MI,1850,4,Michigan,234,0.017094017094017096
MN,1850,NA,Minnesota,234,NA
MS,1850,5,Mississippi,234,0.021367521367521368
MO,1850,7,Missouri,234,0.029914529914529916
MT,1850,NA,Montana,234,NA
NE,1850,NA,Nebraska,234,NA
NV,1850,NA,Nevada,234,NA
NH,1850,3,New Hampshire,234,0.01282051282051282
NJ,1850,5,New Jersey,234,0.021367521367521368
NM,1850,NA,New Mexico,234,NA
NY,1850,33,New York,234,0.14102564102564102
NC,1850,8,North Carolina,234,0.03418803418803419
ND,1850,NA,North Dakota,234,NA
OH,1850,21,Ohio,234,0.08974358974358974
OK,1850,NA,Oklahoma,234,NA
OR,1850,NA,Oregon,234,NA
PA,1850,25,Pennsylvania,234,0.10683760683760683
RI,1850,2,Rhode Island,234,0.008547008547008548
SC,1850,6,South Carolina,234,0.02564102564102564
SD,1850,NA,South Dakota,234,NA
TN,1850,10,Tennessee,234,0.042735042735042736
TX,1850,2,Texas,234,0.008547008547008548
UT,1850,NA,Utah,234,NA
VT,1850,3,Vermont,234,0.01282051282051282
VA,1850,13,Virginia,234,0.05555555555555555
WA,1850,NA,Washington,234,NA
WV,1850,NA,West Virginia,234,NA
WI,1850,3,Wisconsin,234,0.01282051282051282
WY,1850,NA,Wyoming,234,NA
AL,1860,6,Alabama,241,0.024896265560165973
AK,1860,NA,Alaska,241,NA
AZ,1860,NA,Arizona,241,NA
AR,1860,3,Arkansas,241,0.012448132780082987
CA,1860,3,California,241,0.012448132780082987
CO,1860,NA,Colorado,241,NA
CT,1860,4,Connecticut,241,0.016597510373443983
DE,1860,1,Delaware,241,0.004149377593360996
FL,1860,1,Florida,241,0.004149377593360996
GA,1860,7,Georgia,241,0.029045643153526972
HI,1860,NA,Hawaii,241,NA
ID,1860,NA,Idaho,241,NA
IL,1860,14,Illinois,241,0.058091286307053944
IN,1860,11,Indiana,241,0.04564315352697095
IA,1860,6,Iowa,241,0.024896265560165973
KS,1860,1,Kansas,241,0.004149377593360996
KY,1860,9,Kentucky,241,0.03734439834024896
LA,1860,5,Louisiana,241,0.02074688796680498
ME,1860,5,Maine,241,0.02074688796680498
MD,1860,5,Maryland,241,0.02074688796680498
MA,1860,10,Massachusetts,241,0.04149377593360996
MI,1860,6,Michigan,241,0.024896265560165973
MN,1860,2,Minnesota,241,0.008298755186721992
MS,1860,5,Mississippi,241,0.02074688796680498
MO,1860,9,Missouri,241,0.03734439834024896
MT,1860,NA,Montana,241,NA
NE,1860,NA,Nebraska,241,NA
NV,1860,NA,Nevada,241,NA
NH,1860,3,New Hampshire,241,0.012448132780082987
NJ,1860,5,New Jersey,241,0.02074688796680498
NM,1860,NA,New Mexico,241,NA
NY,1860,31,New York,241,0.12863070539419086
NC,1860,7,North Carolina,241,0.029045643153526972
ND,1860,NA,North Dakota,241,NA
OH,1860,19,Ohio,241,0.07883817427385892
OK,1860,NA,Oklahoma,241,NA
OR,1860,1,Oregon,241,0.004149377593360996
PA,1860,24,Pennsylvania,241,0.0995850622406639
RI,1860,2,Rhode Island,241,0.008298755186721992
SC,1860,4,South Carolina,241,0.016597510373443983
SD,1860,NA,South Dakota,241,NA
TN,1860,8,Tennessee,241,0.03319502074688797
TX,1860,4,Texas,241,0.016597510373443983
UT,1860,NA,Utah,241,NA
VT,1860,3,Vermont,241,0.012448132780082987
VA,1860,11,Virginia,241,0.04564315352697095
WA,1860,NA,Washington,241,NA
WV,1860,NA,West Virginia,241,NA
WI,1860,6,Wisconsin,241,0.024896265560165973
WY,1860,NA,Wyoming,241,NA
AL,1870,8,Alabama,292,0.0273972602739726
AK,1870,NA,Alaska,292,NA
AZ,1870,NA,Arizona,292,NA
AR,1870,4,Arkansas,292,0.0136986301369863
CA,1870,4,California,292,0.0136986301369863
CO,1870,NA,Colorado,292,NA
CT,1870,4,Connecticut,292,0.0136986301369863
DE,1870,1,Delaware,292,0.003424657534246575
FL,1870,2,Florida,292,0.00684931506849315
GA,1870,9,Georgia,292,0.030821917808219176
HI,1870,NA,Hawaii,292,NA
ID,1870,NA,Idaho,292,NA
IL,1870,19,Illinois,292,0.06506849315068493
IN,1870,13,Indiana,292,0.04452054794520548
IA,1870,9,Iowa,292,0.030821917808219176
KS,1870,3,Kansas,292,0.010273972602739725
KY,1870,10,Kentucky,292,0.03424657534246575
LA,1870,6,Louisiana,292,0.02054794520547945
ME,1870,5,Maine,292,0.017123287671232876
MD,1870,6,Maryland,292,0.02054794520547945
MA,1870,11,Massachusetts,292,0.03767123287671233
MI,1870,9,Michigan,292,0.030821917808219176
MN,1870,3,Minnesota,292,0.010273972602739725
MS,1870,6,Mississippi,292,0.02054794520547945
MO,1870,13,Missouri,292,0.04452054794520548
MT,1870,NA,Montana,292,NA
NE,1870,1,Nebraska,292,0.003424657534246575
NV,1870,1,Nevada,292,0.003424657534246575
NH,1870,3,New Hampshire,292,0.010273972602739725
NJ,1870,7,New Jersey,292,0.023972602739726026
NM,1870,NA,New Mexico,292,NA
NY,1870,33,New York,292,0.11301369863013698
NC,1870,8,North Carolina,292,0.0273972602739726
ND,1870,NA,North Dakota,292,NA
OH,1870,20,Ohio,292,0.0684931506849315
OK,1870,NA,Oklahoma,292,NA
OR,1870,1,Oregon,292,0.003424657534246575
PA,1870,27,Pennsylvania,292,0.09246575342465753
RI,1870,2,Rhode Island,292,0.00684931506849315
SC,1870,5,South Carolina,292,0.017123287671232876
SD,1870,NA,South Dakota,292,NA
TN,1870,10,Tennessee,292,0.03424657534246575
TX,1870,6,Texas,292,0.02054794520547945
UT,1870,NA,Utah,292,NA
VT,1870,3,Vermont,292,0.010273972602739725
VA,1870,9,Virginia,292,0.030821917808219176
WA,1870,NA,Washington,292,NA
WV,1870,3,West Virginia,292,0.010273972602739725
WI,1870,8,Wisconsin,292,0.0273972602739726
WY,1870,NA,Wyoming,292,NA
AL,1880,8,Alabama,325,0.024615384615384615
AK,1880,NA,Alaska,325,NA
AZ,1880,NA,Arizona,325,NA
AR,1880,5,Arkansas,325,0.015384615384615385
CA,1880,6,California,325,0.018461538461538463
CO,1880,1,Colorado,325,0.003076923076923077
CT,1880,4,Connecticut,325,0.012307692307692308
DE,1880,1,Delaware,325,0.003076923076923077
FL,1880,2,Florida,325,0.006153846153846154
GA,1880,10,Georgia,325,0.03076923076923077
HI,1880,NA,Hawaii,325,NA
ID,1880,NA,Idaho,325,NA
IL,1880,20,Illinois,325,0.06153846153846154
IN,1880,13,Indiana,325,0.04
IA,1880,11,Iowa,325,0.033846153846153845
KS,1880,7,Kansas,325,0.021538461538461538
KY,1880,11,Kentucky,325,0.033846153846153845
LA,1880,6,Louisiana,325,0.018461538461538463
ME,1880,4,Maine,325,0.012307692307692308
MD,1880,6,Maryland,325,0.018461538461538463
MA,1880,12,Massachusetts,325,0.036923076923076927
MI,1880,11,Michigan,325,0.033846153846153845
MN,1880,5,Minnesota,325,0.015384615384615385
MS,1880,7,Mississippi,325,0.021538461538461538
MO,1880,14,Missouri,325,0.043076923076923075
MT,1880,NA,Montana,325,NA
NE,1880,3,Nebraska,325,0.009230769230769232
NV,1880,1,Nevada,325,0.003076923076923077
NH,1880,2,New Hampshire,325,0.006153846153846154
NJ,1880,7,New Jersey,325,0.021538461538461538
NM,1880,NA,New Mexico,325,NA
NY,1880,34,New York,325,0.10461538461538461
NC,1880,9,North Carolina,325,0.027692307692307693
ND,1880,NA,North Dakota,325,NA
OH,1880,21,Ohio,325,0.06461538461538462
OK,1880,NA,Oklahoma,325,NA
OR,1880,1,Oregon,325,0.003076923076923077
PA,1880,28,Pennsylvania,325,0.08615384615384615
RI,1880,2,Rhode Island,325,0.006153846153846154
SC,1880,7,South Carolina,325,0.021538461538461538
SD,1880,NA,South Dakota,325,NA
TN,1880,10,Tennessee,325,0.03076923076923077
TX,1880,11,Texas,325,0.033846153846153845
UT,1880,NA,Utah,325,NA
VT,1880,2,Vermont,325,0.006153846153846154
VA,1880,10,Virginia,325,0.03076923076923077
WA,1880,NA,Washington,325,NA
WV,1880,4,West Virginia,325,0.012307692307692308
WI,1880,9,Wisconsin,325,0.027692307692307693
WY,1880,NA,Wyoming,325,NA
AL,1890,9,Alabama,356,0.025280898876404494
AK,1890,NA,Alaska,356,NA
AZ,1890,NA,Arizona,356,NA
AR,1890,6,Arkansas,356,0.016853932584269662
CA,1890,7,California,356,0.019662921348314606
CO,1890,2,Colorado,356,0.0056179775280898875
CT,1890,4,Connecticut,356,0.011235955056179775
DE,1890,1,Delaware,356,0.0028089887640449437
FL,1890,2,Florida,356,0.0056179775280898875
GA,1890,11,Georgia,356,0.03089887640449438
HI,1890,NA,Hawaii,356,NA
ID,1890,1,Idaho,356,0.0028089887640449437
IL,1890,22,Illinois,356,0.06179775280898876
IN,1890,13,Indiana,356,0.03651685393258427
IA,1890,11,Iowa,356,0.03089887640449438
KS,1890,8,Kansas,356,0.02247191011235955
KY,1890,11,Kentucky,356,0.03089887640449438
LA,1890,6,Louisiana,356,0.016853932584269662
ME,1890,4,Maine,356,0.011235955056179775
MD,1890,6,Maryland,356,0.016853932584269662
MA,1890,13,Massachusetts,356,0.03651685393258427
MI,1890,12,Michigan,356,0.033707865168539325
MN,1890,7,Minnesota,356,0.019662921348314606
MS,1890,7,Mississippi,356,0.019662921348314606
MO,1890,15,Missouri,356,0.042134831460674156
MT,1890,1,Montana,356,0.0028089887640449437
NE,1890,6,Nebraska,356,0.016853932584269662
NV,1890,1,Nevada,356,0.0028089887640449437
NH,1890,2,New Hampshire,356,0.0056179775280898875
NJ,1890,8,New Jersey,356,0.02247191011235955
NM,1890,NA,New Mexico,356,NA
NY,1890,34,New York,356,0.09550561797752809
NC,1890,9,North Carolina,356,0.025280898876404494
ND,1890,1,North Dakota,356,0.0028089887640449437
OH,1890,21,Ohio,356,0.05898876404494382
OK,1890,NA,Oklahoma,356,NA
OR,1890,2,Oregon,356,0.0056179775280898875
PA,1890,30,Pennsylvania,356,0.08426966292134831
RI,1890,2,Rhode Island,356,0.0056179775280898875
SC,1890,7,South Carolina,356,0.019662921348314606
SD,1890,2,South Dakota,356,0.0056179775280898875
TN,1890,10,Tennessee,356,0.028089887640449437
TX,1890,13,Texas,356,0.03651685393258427
UT,1890,NA,Utah,356,NA
VT,1890,2,Vermont,356,0.0056179775280898875
VA,1890,10,Virginia,356,0.028089887640449437
WA,1890,2,Washington,356,0.0056179775280898875
WV,1890,4,West Virginia,356,0.011235955056179775
WI,1890,10,Wisconsin,356,0.028089887640449437
WY,1890,1,Wyoming,356,0.0028089887640449437
AL,1900,9,Alabama,386,0.023316062176165803
AK,1900,NA,Alaska,386,NA
AZ,1900,NA,Arizona,386,NA
AR,1900,7,Arkansas,386,0.018134715025906734
CA,1900,8,California,386,0.02072538860103627
CO,1900,3,Colorado,386,0.007772020725388601
CT,1900,5,Connecticut,386,0.012953367875647668
DE,1900,1,Delaware,386,0.0025906735751295338
FL,1900,3,Florida,386,0.007772020725388601
GA,1900,11,Georgia,386,0.02849740932642487
HI,1900,NA,Hawaii,386,NA
ID,1900,1,Idaho,386,0.0025906735751295338
IL,1900,25,Illinois,386,0.06476683937823834
IN,1900,13,Indiana,386,0.03367875647668394
IA,1900,11,Iowa,386,0.02849740932642487
KS,1900,8,Kansas,386,0.02072538860103627
KY,1900,11,Kentucky,386,0.02849740932642487
LA,1900,7,Louisiana,386,0.018134715025906734
ME,1900,4,Maine,386,0.010362694300518135
MD,1900,6,Maryland,386,0.015544041450777202
MA,1900,14,Massachusetts,386,0.03626943005181347
MI,1900,12,Michigan,386,0.031088082901554404
MN,1900,9,Minnesota,386,0.023316062176165803
MS,1900,8,Mississippi,386,0.02072538860103627
MO,1900,16,Missouri,386,0.04145077720207254
MT,1900,1,Montana,386,0.0025906735751295338
NE,1900,6,Nebraska,386,0.015544041450777202
NV,1900,1,Nevada,386,0.0025906735751295338
NH,1900,2,New Hampshire,386,0.0051813471502590676
NJ,1900,10,New Jersey,386,0.025906735751295335
NM,1900,NA,New Mexico,386,NA
NY,1900,37,New York,386,0.09585492227979274
NC,1900,10,North Carolina,386,0.025906735751295335
ND,1900,2,North Dakota,386,0.0051813471502590676
OH,1900,21,Ohio,386,0.054404145077720206
OK,1900,NA,Oklahoma,386,NA
OR,1900,2,Oregon,386,0.0051813471502590676
PA,1900,32,Pennsylvania,386,0.08290155440414508
RI,1900,2,Rhode Island,386,0.0051813471502590676
SC,1900,7,South Carolina,386,0.018134715025906734
SD,1900,2,South Dakota,386,0.0051813471502590676
TN,1900,10,Tennessee,386,0.025906735751295335
TX,1900,16,Texas,386,0.04145077720207254
UT,1900,1,Utah,386,0.0025906735751295338
VT,1900,2,Vermont,386,0.0051813471502590676
VA,1900,10,Virginia,386,0.025906735751295335
WA,1900,3,Washington,386,0.007772020725388601
WV,1900,5,West Virginia,386,0.012953367875647668
WI,1900,11,Wisconsin,386,0.02849740932642487
WY,1900,1,Wyoming,386,0.0025906735751295338
AL,1910,10,Alabama,435,0.022988505747126436
AK,1910,NA,Alaska,435,NA
AZ,1910,1,Arizona,435,0.0022988505747126436
AR,1910,7,Arkansas,435,0.016091954022988506
CA,1910,11,California,435,0.02528735632183908
CO,1910,4,Colorado,435,0.009195402298850575
CT,1910,5,Connecticut,435,0.011494252873563218
DE,1910,1,Delaware,435,0.0022988505747126436
FL,1910,4,Florida,435,0.009195402298850575
GA,1910,12,Georgia,435,0.027586206896551724
HI,1910,NA,Hawaii,435,NA
ID,1910,2,Idaho,435,0.004597701149425287
IL,1910,27,Illinois,435,0.06206896551724138
IN,1910,13,Indiana,435,0.029885057471264367
IA,1910,11,Iowa,435,0.02528735632183908
KS,1910,8,Kansas,435,0.01839080459770115
KY,1910,11,Kentucky,435,0.02528735632183908
LA,1910,8,Louisiana,435,0.01839080459770115
ME,1910,4,Maine,435,0.009195402298850575
MD,1910,6,Maryland,435,0.013793103448275862
MA,1910,16,Massachusetts,435,0.0367816091954023
MI,1910,13,Michigan,435,0.029885057471264367
MN,1910,10,Minnesota,435,0.022988505747126436
MS,1910,8,Mississippi,435,0.01839080459770115
MO,1910,16,Missouri,435,0.0367816091954023
MT,1910,2,Montana,435,0.004597701149425287
NE,1910,6,Nebraska,435,0.013793103448275862
NV,1910,1,Nevada,435,0.0022988505747126436
NH,1910,2,New Hampshire,435,0.004597701149425287
NJ,1910,12,New Jersey,435,0.027586206896551724
NM,1910,1,New Mexico,435,0.0022988505747126436
NY,1910,43,New York,435,0.09885057471264368
NC,1910,10,North Carolina,435,0.022988505747126436
ND,1910,3,North Dakota,435,0.006896551724137931
OH,1910,22,Ohio,435,0.05057471264367816
OK,1910,8,Oklahoma,435,0.01839080459770115
OR,1910,3,Oregon,435,0.006896551724137931
PA,1910,36,Pennsylvania,435,0.08275862068965517
RI,1910,3,Rhode Island,435,0.006896551724137931
SC,1910,7,South Carolina,435,0.016091954022988506
SD,1910,3,South Dakota,435,0.006896551724137931
TN,1910,10,Tennessee,435,0.022988505747126436
TX,1910,18,Texas,435,0.041379310344827586
UT,1910,2,Utah,435,0.004597701149425287
VT,1910,2,Vermont,435,0.004597701149425287
VA,1910,10,Virginia,435,0.022988505747126436
WA,1910,5,Washington,435,0.011494252873563218
WV,1910,6,West Virginia,435,0.013793103448275862
WI,1910,11,Wisconsin,435,0.02528735632183908
WY,1910,1,Wyoming,435,0.0022988505747126436
AL,1930,9,Alabama,435,0.020689655172413793
AK,1930,NA,Alaska,435,NA
AZ,1930,1,Arizona,435,0.0022988505747126436
AR,1930,7,Arkansas,435,0.016091954022988506
CA,1930,20,California,435,0.04597701149425287
CO,1930,4,Colorado,435,0.009195402298850575
CT,1930,6,Connecticut,435,0.013793103448275862
DE,1930,1,Delaware,435,0.0022988505747126436
FL,1930,5,Florida,435,0.011494252873563218
GA,1930,10,Georgia,435,0.022988505747126436
HI,1930,NA,Hawaii,435,NA
ID,1930,2,Idaho,435,0.004597701149425287
IL,1930,27,Illinois,435,0.06206896551724138
IN,1930,12,Indiana,435,0.027586206896551724
IA,1930,9,Iowa,435,0.020689655172413793
KS,1930,7,Kansas,435,0.016091954022988506
KY,1930,9,Kentucky,435,0.020689655172413793
LA,1930,8,Louisiana,435,0.01839080459770115
ME,1930,3,Maine,435,0.006896551724137931
MD,1930,6,Maryland,435,0.013793103448275862
MA,1930,15,Massachusetts,435,0.034482758620689655
MI,1930,17,Michigan,435,0.03908045977011494
MN,1930,9,Minnesota,435,0.020689655172413793
MS,1930,7,Mississippi,435,0.016091954022988506
MO,1930,13,Missouri,435,0.029885057471264367
MT,1930,2,Montana,435,0.004597701149425287
NE,1930,5,Nebraska,435,0.011494252873563218
NV,1930,1,Nevada,435,0.0022988505747126436
NH,1930,2,New Hampshire,435,0.004597701149425287
NJ,1930,14,New Jersey,435,0.03218390804597701
NM,1930,1,New Mexico,435,0.0022988505747126436
NY,1930,45,New York,435,0.10344827586206896
NC,1930,11,North Carolina,435,0.02528735632183908
ND,1930,2,North Dakota,435,0.004597701149425287
OH,1930,24,Ohio,435,0.05517241379310345
OK,1930,9,Oklahoma,435,0.020689655172413793
OR,1930,3,Oregon,435,0.006896551724137931
PA,1930,34,Pennsylvania,435,0.07816091954022988
RI,1930,2,Rhode Island,435,0.004597701149425287
SC,1930,6,South Carolina,435,0.013793103448275862
SD,1930,2,South Dakota,435,0.004597701149425287
TN,1930,9,Tennessee,435,0.020689655172413793
TX,1930,21,Texas,435,0.04827586206896552
UT,1930,2,Utah,435,0.004597701149425287
VT,1930,1,Vermont,435,0.0022988505747126436
VA,1930,9,Virginia,435,0.020689655172413793
WA,1930,6,Washington,435,0.013793103448275862
WV,1930,6,West Virginia,435,0.013793103448275862
WI,1930,10,Wisconsin,435,0.022988505747126436
WY,1930,1,Wyoming,435,0.0022988505747126436
AL,1940,9,Alabama,435,0.020689655172413793
AK,1940,NA,Alaska,435,NA
AZ,1940,2,Arizona,435,0.004597701149425287
AR,1940,7,Arkansas,435,0.016091954022988506
CA,1940,23,California,435,0.052873563218390804
CO,1940,4,Colorado,435,0.009195402298850575
CT,1940,6,Connecticut,435,0.013793103448275862
DE,1940,1,Delaware,435,0.0022988505747126436
FL,1940,6,Florida,435,0.013793103448275862
GA,1940,10,Georgia,435,0.022988505747126436
HI,1940,NA,Hawaii,435,NA
ID,1940,2,Idaho,435,0.004597701149425287
IL,1940,26,Illinois,435,0.059770114942528735
IN,1940,11,Indiana,435,0.02528735632183908
IA,1940,8,Iowa,435,0.01839080459770115
KS,1940,6,Kansas,435,0.013793103448275862
KY,1940,9,Kentucky,435,0.020689655172413793
LA,1940,8,Louisiana,435,0.01839080459770115
ME,1940,3,Maine,435,0.006896551724137931
MD,1940,6,Maryland,435,0.013793103448275862
MA,1940,14,Massachusetts,435,0.03218390804597701
MI,1940,17,Michigan,435,0.03908045977011494
MN,1940,9,Minnesota,435,0.020689655172413793
MS,1940,7,Mississippi,435,0.016091954022988506
MO,1940,13,Missouri,435,0.029885057471264367
MT,1940,2,Montana,435,0.004597701149425287
NE,1940,4,Nebraska,435,0.009195402298850575
NV,1940,1,Nevada,435,0.0022988505747126436
NH,1940,2,New Hampshire,435,0.004597701149425287
NJ,1940,14,New Jersey,435,0.03218390804597701
NM,1940,2,New Mexico,435,0.004597701149425287
NY,1940,45,New York,435,0.10344827586206896
NC,1940,12,North Carolina,435,0.027586206896551724
ND,1940,2,North Dakota,435,0.004597701149425287
OH,1940,23,Ohio,435,0.052873563218390804
OK,1940,8,Oklahoma,435,0.01839080459770115
OR,1940,4,Oregon,435,0.009195402298850575
PA,1940,33,Pennsylvania,435,0.07586206896551724
RI,1940,2,Rhode Island,435,0.004597701149425287
SC,1940,6,South Carolina,435,0.013793103448275862
SD,1940,2,South Dakota,435,0.004597701149425287
TN,1940,10,Tennessee,435,0.022988505747126436
TX,1940,21,Texas,435,0.04827586206896552
UT,1940,2,Utah,435,0.004597701149425287
VT,1940,1,Vermont,435,0.0022988505747126436
VA,1940,9,Virginia,435,0.020689655172413793
WA,1940,6,Washington,435,0.013793103448275862
WV,1940,6,West Virginia,435,0.013793103448275862
WI,1940,10,Wisconsin,435,0.022988505747126436
WY,1940,1,Wyoming,435,0.0022988505747126436
AL,1950,9,Alabama,435,0.020689655172413793
AK,1950,NA,Alaska,435,NA
AZ,1950,2,Arizona,435,0.004597701149425287
AR,1950,6,Arkansas,435,0.013793103448275862
CA,1950,30,California,435,0.06896551724137931
CO,1950,4,Colorado,435,0.009195402298850575
CT,1950,6,Connecticut,435,0.013793103448275862
DE,1950,1,Delaware,435,0.0022988505747126436
FL,1950,8,Florida,435,0.01839080459770115
GA,1950,10,Georgia,435,0.022988505747126436
HI,1950,NA,Hawaii,435,NA
ID,1950,2,Idaho,435,0.004597701149425287
IL,1950,25,Illinois,435,0.05747126436781609
IN,1950,11,Indiana,435,0.02528735632183908
IA,1950,8,Iowa,435,0.01839080459770115
KS,1950,6,Kansas,435,0.013793103448275862
KY,1950,8,Kentucky,435,0.01839080459770115
LA,1950,8,Louisiana,435,0.01839080459770115
ME,1950,3,Maine,435,0.006896551724137931
MD,1950,7,Maryland,435,0.016091954022988506
MA,1950,14,Massachusetts,435,0.03218390804597701
MI,1950,18,Michigan,435,0.041379310344827586
MN,1950,9,Minnesota,435,0.020689655172413793
MS,1950,6,Mississippi,435,0.013793103448275862
MO,1950,11,Missouri,435,0.02528735632183908
MT,1950,2,Montana,435,0.004597701149425287
NE,1950,4,Nebraska,435,0.009195402298850575
NV,1950,1,Nevada,435,0.0022988505747126436
NH,1950,2,New Hampshire,435,0.004597701149425287
NJ,1950,14,New Jersey,435,0.03218390804597701
NM,1950,2,New Mexico,435,0.004597701149425287
NY,1950,43,New York,435,0.09885057471264368
NC,1950,12,North Carolina,435,0.027586206896551724
ND,1950,2,North Dakota,435,0.004597701149425287
OH,1950,23,Ohio,435,0.052873563218390804
OK,1950,6,Oklahoma,435,0.013793103448275862
OR,1950,4,Oregon,435,0.009195402298850575
PA,1950,30,Pennsylvania,435,0.06896551724137931
RI,1950,2,Rhode Island,435,0.004597701149425287
SC,1950,6,South Carolina,435,0.013793103448275862
SD,1950,2,South Dakota,435,0.004597701149425287
TN,1950,9,Tennessee,435,0.020689655172413793
TX,1950,22,Texas,435,0.05057471264367816
UT,1950,2,Utah,435,0.004597701149425287
VT,1950,1,Vermont,435,0.0022988505747126436
VA,1950,10,Virginia,435,0.022988505747126436
WA,1950,7,Washington,435,0.016091954022988506
WV,1950,6,West Virginia,435,0.013793103448275862
WI,1950,10,Wisconsin,435,0.022988505747126436
WY,1950,1,Wyoming,435,0.0022988505747126436
AL,1960,8,Alabama,435,0.01839080459770115
AK,1960,1,Alaska,435,0.0022988505747126436
AZ,1960,3,Arizona,435,0.006896551724137931
AR,1960,4,Arkansas,435,0.009195402298850575
CA,1960,38,California,435,0.08735632183908046
CO,1960,4,Colorado,435,0.009195402298850575
CT,1960,6,Connecticut,435,0.013793103448275862
DE,1960,1,Delaware,435,0.0022988505747126436
FL,1960,12,Florida,435,0.027586206896551724
GA,1960,10,Georgia,435,0.022988505747126436
HI,1960,2,Hawaii,435,0.004597701149425287
ID,1960,2,Idaho,435,0.004597701149425287
IL,1960,24,Illinois,435,0.05517241379310345
IN,1960,11,Indiana,435,0.02528735632183908
IA,1960,7,Iowa,435,0.016091954022988506
KS,1960,5,Kansas,435,0.011494252873563218
KY,1960,7,Kentucky,435,0.016091954022988506
LA,1960,8,Louisiana,435,0.01839080459770115
ME,1960,2,Maine,435,0.004597701149425287
MD,1960,8,Maryland,435,0.01839080459770115
MA,1960,12,Massachusetts,435,0.027586206896551724
MI,1960,19,Michigan,435,0.04367816091954023
MN,1960,8,Minnesota,435,0.01839080459770115
MS,1960,5,Mississippi,435,0.011494252873563218
MO,1960,10,Missouri,435,0.022988505747126436
MT,1960,2,Montana,435,0.004597701149425287
NE,1960,3,Nebraska,435,0.006896551724137931
NV,1960,1,Nevada,435,0.0022988505747126436
NH,1960,2,New Hampshire,435,0.004597701149425287
NJ,1960,15,New Jersey,435,0.034482758620689655
NM,1960,2,New Mexico,435,0.004597701149425287
NY,1960,41,New York,435,0.09425287356321839
NC,1960,11,North Carolina,435,0.02528735632183908
ND,1960,2,North Dakota,435,0.004597701149425287
OH,1960,24,Ohio,435,0.05517241379310345
OK,1960,6,Oklahoma,435,0.013793103448275862
OR,1960,4,Oregon,435,0.009195402298850575
PA,1960,27,Pennsylvania,435,0.06206896551724138
RI,1960,2,Rhode Island,435,0.004597701149425287
SC,1960,6,South Carolina,435,0.013793103448275862
SD,1960,2,South Dakota,435,0.004597701149425287
TN,1960,9,Tennessee,435,0.020689655172413793
TX,1960,23,Texas,435,0.052873563218390804
UT,1960,2,Utah,435,0.004597701149425287
VT,1960,1,Vermont,435,0.0022988505747126436
VA,1960,10,Virginia,435,0.022988505747126436
WA,1960,7,Washington,435,0.016091954022988506
WV,1960,5,West Virginia,435,0.011494252873563218
WI,1960,10,Wisconsin,435,0.022988505747126436
WY,1960,1,Wyoming,435,0.0022988505747126436
AL,1970,7,Alabama,435,0.016091954022988506
AK,1970,1,Alaska,435,0.0022988505747126436
AZ,1970,4,Arizona,435,0.009195402298850575
AR,1970,4,Arkansas,435,0.009195402298850575
CA,1970,43,California,435,0.09885057471264368
CO,1970,5,Colorado,435,0.011494252873563218
CT,1970,6,Connecticut,435,0.013793103448275862
DE,1970,1,Delaware,435,0.0022988505747126436
FL,1970,15,Florida,435,0.034482758620689655
GA,1970,10,Georgia,435,0.022988505747126436
HI,1970,2,Hawaii,435,0.004597701149425287
ID,1970,2,Idaho,435,0.004597701149425287
IL,1970,24,Illinois,435,0.05517241379310345
IN,1970,11,Indiana,435,0.02528735632183908
IA,1970,6,Iowa,435,0.013793103448275862
KS,1970,5,Kansas,435,0.011494252873563218
KY,1970,7,Kentucky,435,0.016091954022988506
LA,1970,8,Louisiana,435,0.01839080459770115
ME,1970,2,Maine,435,0.004597701149425287
MD,1970,8,Maryland,435,0.01839080459770115
MA,1970,12,Massachusetts,435,0.027586206896551724
MI,1970,19,Michigan,435,0.04367816091954023
MN,1970,8,Minnesota,435,0.01839080459770115
MS,1970,5,Mississippi,435,0.011494252873563218
MO,1970,10,Missouri,435,0.022988505747126436
MT,1970,2,Montana,435,0.004597701149425287
NE,1970,3,Nebraska,435,0.006896551724137931
NV,1970,1,Nevada,435,0.0022988505747126436
NH,1970,2,New Hampshire,435,0.004597701149425287
NJ,1970,15,New Jersey,435,0.034482758620689655
NM,1970,2,New Mexico,435,0.004597701149425287
NY,1970,39,New York,435,0.0896551724137931
NC,1970,11,North Carolina,435,0.02528735632183908
ND,1970,1,North Dakota,435,0.0022988505747126436
OH,1970,23,Ohio,435,0.052873563218390804
OK,1970,6,Oklahoma,435,0.013793103448275862
OR,1970,4,Oregon,435,0.009195402298850575
PA,1970,25,Pennsylvania,435,0.05747126436781609
RI,1970,2,Rhode Island,435,0.004597701149425287
SC,1970,6,South Carolina,435,0.013793103448275862
SD,1970,2,South Dakota,435,0.004597701149425287
TN,1970,8,Tennessee,435,0.01839080459770115
TX,1970,24,Texas,435,0.05517241379310345
UT,1970,2,Utah,435,0.004597701149425287
VT,1970,1,Vermont,435,0.0022988505747126436
VA,1970,10,Virginia,435,0.022988505747126436
WA,1970,7,Washington,435,0.016091954022988506
WV,1970,4,West Virginia,435,0.009195402298850575
WI,1970,9,Wisconsin,435,0.020689655172413793
WY,1970,1,Wyoming,435,0.0022988505747126436
AL,1980,7,Alabama,435,0.016091954022988506
AK,1980,1,Alaska,435,0.0022988505747126436
AZ,1980,5,Arizona,435,0.011494252873563218
AR,1980,4,Arkansas,435,0.009195402298850575
CA,1980,45,California,435,0.10344827586206896
CO,1980,6,Colorado,435,0.013793103448275862
CT,1980,6,Connecticut,435,0.013793103448275862
DE,1980,1,Delaware,435,0.0022988505747126436
FL,1980,19,Florida,435,0.04367816091954023
GA,1980,10,Georgia,435,0.022988505747126436
HI,1980,2,Hawaii,435,0.004597701149425287
ID,1980,2,Idaho,435,0.004597701149425287
IL,1980,22,Illinois,435,0.05057471264367816
IN,1980,10,Indiana,435,0.022988505747126436
IA,1980,6,Iowa,435,0.013793103448275862
KS,1980,5,Kansas,435,0.011494252873563218
KY,1980,7,Kentucky,435,0.016091954022988506
LA,1980,8,Louisiana,435,0.01839080459770115
ME,1980,2,Maine,435,0.004597701149425287
MD,1980,8,Maryland,435,0.01839080459770115
MA,1980,11,Massachusetts,435,0.02528735632183908
MI,1980,18,Michigan,435,0.041379310344827586
MN,1980,8,Minnesota,435,0.01839080459770115
MS,1980,5,Mississippi,435,0.011494252873563218
MO,1980,9,Missouri,435,0.020689655172413793
MT,1980,2,Montana,435,0.004597701149425287
NE,1980,3,Nebraska,435,0.006896551724137931
NV,1980,2,Nevada,435,0.004597701149425287
NH,1980,2,New Hampshire,435,0.004597701149425287
NJ,1980,14,New Jersey,435,0.03218390804597701
NM,1980,3,New Mexico,435,0.006896551724137931
NY,1980,34,New York,435,0.07816091954022988
NC,1980,11,North Carolina,435,0.02528735632183908
ND,1980,1,North Dakota,435,0.0022988505747126436
OH,1980,21,Ohio,435,0.04827586206896552
OK,1980,6,Oklahoma,435,0.013793103448275862
OR,1980,5,Oregon,435,0.011494252873563218
PA,1980,23,Pennsylvania,435,0.052873563218390804
RI,1980,2,Rhode Island,435,0.004597701149425287
SC,1980,6,South Carolina,435,0.013793103448275862
SD,1980,1,South Dakota,435,0.0022988505747126436
TN,1980,9,Tennessee,435,0.020689655172413793
TX,1980,27,Texas,435,0.06206896551724138
UT,1980,3,Utah,435,0.006896551724137931
VT,1980,1,Vermont,435,0.0022988505747126436
VA,1980,10,Virginia,435,0.022988505747126436
WA,1980,8,Washington,435,0.01839080459770115
WV,1980,4,West Virginia,435,0.009195402298850575
WI,1980,9,Wisconsin,435,0.020689655172413793
WY,1980,1,Wyoming,435,0.0022988505747126436
AL,1990,7,Alabama,435,0.016091954022988506
AK,1990,1,Alaska,435,0.0022988505747126436
AZ,1990,6,Arizona,435,0.013793103448275862
AR,1990,4,Arkansas,435,0.009195402298850575
CA,1990,52,California,435,0.11954022988505747
CO,1990,6,Colorado,435,0.013793103448275862
CT,1990,6,Connecticut,435,0.013793103448275862
DE,1990,1,Delaware,435,0.0022988505747126436
FL,1990,23,Florida,435,0.052873563218390804
GA,1990,11,Georgia,435,0.02528735632183908
HI,1990,2,Hawaii,435,0.004597701149425287
ID,1990,2,Idaho,435,0.004597701149425287
IL,1990,20,Illinois,435,0.04597701149425287
IN,1990,10,Indiana,435,0.022988505747126436
IA,1990,5,Iowa,435,0.011494252873563218
KS,1990,4,Kansas,435,0.009195402298850575
KY,1990,6,Kentucky,435,0.013793103448275862
LA,1990,7,Louisiana,435,0.016091954022988506
ME,1990,2,Maine,435,0.004597701149425287
MD,1990,8,Maryland,435,0.01839080459770115
MA,1990,10,Massachusetts,435,0.022988505747126436
MI,1990,16,Michigan,435,0.0367816091954023
MN,1990,8,Minnesota,435,0.01839080459770115
MS,1990,5,Mississippi,435,0.011494252873563218
MO,1990,9,Missouri,435,0.020689655172413793
MT,1990,1,Montana,435,0.0022988505747126436
NE,1990,3,Nebraska,435,0.006896551724137931
NV,1990,2,Nevada,435,0.004597701149425287
NH,1990,2,New Hampshire,435,0.004597701149425287
NJ,1990,13,New Jersey,435,0.029885057471264367
NM,1990,3,New Mexico,435,0.006896551724137931
NY,1990,31,New York,435,0.07126436781609195
NC,1990,12,North Carolina,435,0.027586206896551724
ND,1990,1,North Dakota,435,0.0022988505747126436
OH,1990,19,Ohio,435,0.04367816091954023
OK,1990,6,Oklahoma,435,0.013793103448275862
OR,1990,5,Oregon,435,0.011494252873563218
PA,1990,21,Pennsylvania,435,0.04827586206896552
RI,1990,2,Rhode Island,435,0.004597701149425287
SC,1990,6,South Carolina,435,0.013793103448275862
SD,1990,1,South Dakota,435,0.0022988505747126436
TN,1990,9,Tennessee,435,0.020689655172413793
TX,1990,30,Texas,435,0.06896551724137931
UT,1990,3,Utah,435,0.006896551724137931
VT,1990,1,Vermont,435,0.0022988505747126436
VA,1990,11,Virginia,435,0.02528735632183908
WA,1990,9,Washington,435,0.020689655172413793
WV,1990,3,West Virginia,435,0.006896551724137931
WI,1990,9,Wisconsin,435,0.020689655172413793
WY,1990,1,Wyoming,435,0.0022988505747126436
AL,2e3,7,Alabama,435,0.016091954022988506
AK,2e3,1,Alaska,435,0.0022988505747126436
AZ,2e3,8,Arizona,435,0.01839080459770115
AR,2e3,4,Arkansas,435,0.009195402298850575
CA,2e3,53,California,435,0.12183908045977011
CO,2e3,7,Colorado,435,0.016091954022988506
CT,2e3,5,Connecticut,435,0.011494252873563218
DE,2e3,1,Delaware,435,0.0022988505747126436
FL,2e3,25,Florida,435,0.05747126436781609
GA,2e3,13,Georgia,435,0.029885057471264367
HI,2e3,2,Hawaii,435,0.004597701149425287
ID,2e3,2,Idaho,435,0.004597701149425287
IL,2e3,19,Illinois,435,0.04367816091954023
IN,2e3,9,Indiana,435,0.020689655172413793
IA,2e3,5,Iowa,435,0.011494252873563218
KS,2e3,4,Kansas,435,0.009195402298850575
KY,2e3,6,Kentucky,435,0.013793103448275862
LA,2e3,7,Louisiana,435,0.016091954022988506
ME,2e3,2,Maine,435,0.004597701149425287
MD,2e3,8,Maryland,435,0.01839080459770115
MA,2e3,10,Massachusetts,435,0.022988505747126436
MI,2e3,15,Michigan,435,0.034482758620689655
MN,2e3,8,Minnesota,435,0.01839080459770115
MS,2e3,4,Mississippi,435,0.009195402298850575
MO,2e3,9,Missouri,435,0.020689655172413793
MT,2e3,1,Montana,435,0.0022988505747126436
NE,2e3,3,Nebraska,435,0.006896551724137931
NV,2e3,3,Nevada,435,0.006896551724137931
NH,2e3,2,New Hampshire,435,0.004597701149425287
NJ,2e3,13,New Jersey,435,0.029885057471264367
NM,2e3,3,New Mexico,435,0.006896551724137931
NY,2e3,29,New York,435,0.06666666666666667
NC,2e3,13,North Carolina,435,0.029885057471264367
ND,2e3,1,North Dakota,435,0.0022988505747126436
OH,2e3,18,Ohio,435,0.041379310344827586
OK,2e3,5,Oklahoma,435,0.011494252873563218
OR,2e3,5,Oregon,435,0.011494252873563218
PA,2e3,19,Pennsylvania,435,0.04367816091954023
RI,2e3,2,Rhode Island,435,0.004597701149425287
SC,2e3,6,South Carolina,435,0.013793103448275862
SD,2e3,1,South Dakota,435,0.0022988505747126436
TN,2e3,9,Tennessee,435,0.020689655172413793
TX,2e3,32,Texas,435,0.0735632183908046
UT,2e3,3,Utah,435,0.006896551724137931
VT,2e3,1,Vermont,435,0.0022988505747126436
VA,2e3,11,Virginia,435,0.02528735632183908
WA,2e3,9,Washington,435,0.020689655172413793
WV,2e3,3,West Virginia,435,0.006896551724137931
WI,2e3,8,Wisconsin,435,0.01839080459770115
WY,2e3,1,Wyoming,435,0.0022988505747126436
AL,2010,7,Alabama,435,0.016091954022988506
AK,2010,1,Alaska,435,0.0022988505747126436
AZ,2010,9,Arizona,435,0.020689655172413793
AR,2010,4,Arkansas,435,0.009195402298850575
CA,2010,53,California,435,0.12183908045977011
CO,2010,7,Colorado,435,0.016091954022988506
CT,2010,5,Connecticut,435,0.011494252873563218
DE,2010,1,Delaware,435,0.0022988505747126436
FL,2010,27,Florida,435,0.06206896551724138
GA,2010,14,Georgia,435,0.03218390804597701
HI,2010,2,Hawaii,435,0.004597701149425287
ID,2010,2,Idaho,435,0.004597701149425287
IL,2010,18,Illinois,435,0.041379310344827586
IN,2010,9,Indiana,435,0.020689655172413793
IA,2010,4,Iowa,435,0.009195402298850575
KS,2010,4,Kansas,435,0.009195402298850575
KY,2010,6,Kentucky,435,0.013793103448275862
LA,2010,6,Louisiana,435,0.013793103448275862
ME,2010,2,Maine,435,0.004597701149425287
MD,2010,8,Maryland,435,0.01839080459770115
MA,2010,9,Massachusetts,435,0.020689655172413793
MI,2010,14,Michigan,435,0.03218390804597701
MN,2010,8,Minnesota,435,0.01839080459770115
MS,2010,4,Mississippi,435,0.009195402298850575
MO,2010,8,Missouri,435,0.01839080459770115
MT,2010,1,Montana,435,0.0022988505747126436
NE,2010,3,Nebraska,435,0.006896551724137931
NV,2010,4,Nevada,435,0.009195402298850575
NH,2010,2,New Hampshire,435,0.004597701149425287
NJ,2010,12,New Jersey,435,0.027586206896551724
NM,2010,3,New Mexico,435,0.006896551724137931
NY,2010,27,New York,435,0.06206896551724138
NC,2010,13,North Carolina,435,0.029885057471264367
ND,2010,1,North Dakota,435,0.0022988505747126436
OH,2010,16,Ohio,435,0.0367816091954023
OK,2010,5,Oklahoma,435,0.011494252873563218
OR,2010,5,Oregon,435,0.011494252873563218
PA,2010,18,Pennsylvania,435,0.041379310344827586
RI,2010,2,Rhode Island,435,0.004597701149425287
SC,2010,7,South Carolina,435,0.016091954022988506
SD,2010,1,South Dakota,435,0.0022988505747126436
TN,2010,9,Tennessee,435,0.020689655172413793
TX,2010,36,Texas,435,0.08275862068965517
UT,2010,4,Utah,435,0.009195402298850575
VT,2010,1,Vermont,435,0.0022988505747126436
VA,2010,11,Virginia,435,0.02528735632183908
WA,2010,10,Washington,435,0.022988505747126436
WV,2010,3,West Virginia,435,0.006896551724137931
WI,2010,8,Wisconsin,435,0.01839080459770115
WY,2010,1,Wyoming,435,0.0022988505747126436
